歌曲名,歌手,榜单,总播放量,平均热度,上榜次数,最佳排名,榜单排名
（……小小牧羊人）（feat. 微光古乐集）,吴青峰,['巅峰榜·新歌'],0,,1,0,1
'tis the damn season,Taylor Swift,['巅峰榜·新歌'],0,,1,0,2
02,Zyboy忠宇,['巅峰榜·新歌'],0,,1,0,3
0222心动,青川,['巅峰榜·新歌'],0,,1,0,4
0222心动-比尔的歌,Bomb比尔,"['巅峰榜·流行指数', '巅峰榜·新歌']",0,,1,0,5
0321,Roxy马瑞欣,['巅峰榜·流行指数'],0,,2,0,6
0599 On My Way Pt.3,刘宇轩,['巅峰榜·内地'],0,,1,0,7
0712奇怪-比尔的歌,Bomb比尔/火鸡,['巅峰榜·新歌'],0,,1,0,8
1+1,X-Yarkin,['巅峰榜·内地'],0,,1,0,9
1.1,鹿晗,['巅峰榜·流行指数'],0,,1,0,10
색안경 (STEREOTYPE) (有色眼镜),STAYC (스테이씨),['巅峰榜·新歌'],0,,1,0,11
새삥 (Prod. ZICO)(Feat. 호미들)(New thing),ZICO (지코)/Homies (호미들),['巅峰榜·新歌'],0,,1,0,12
비 오는 날 듣기 좋은 노래 (Feat. Colde) (Rain Song) (适合下雨天听的歌),Epik High (에픽하이)/Colde (콜드),"['巅峰榜·流行指数', '巅峰榜·新歌']",0,,1,0,13
불이나 (FIRE),EXID (이엑스아이디),['巅峰榜·新歌'],0,,1,0,14
봄눈 (春雪),10CM (십센치),['巅峰榜·流行指数'],0,,1,0,15
바라만 본다 (只是看看),MSG워너비 (M.O.M),['巅峰榜·新歌'],0,,1,0,16
러브레터 (Love Letter),IU (아이유),"['巅峰榜·流行指数', '巅峰榜·新歌']",0,,1,0,17
드라마 (Drama),IU (아이유),"['巅峰榜·流行指数', '巅峰榜·新歌']",0,,1,0,18
"눈,코,입 (眼，鼻，嘴)",TAEYANG (太阳),"['巅峰榜·热歌', '巅峰榜·流行指数']",0,,1,0,19
네가 내 마음에 자리 잡았다 (Into You),N.Flying (엔플라잉),['巅峰榜·流行指数'],0,,1,0,20
너 (You),IU (아이유),"['巅峰榜·流行指数', '巅峰榜·新歌']",0,,1,0,21
"내가 S면 넌 나의 N이 되어줘 (If I'm S, Can You Be My N?)",TWS (투어스),"['巅峰榜·流行指数', '巅峰榜·新歌']",0,,1,0,22
꽃 (FLOWER) (花),JISOO (지수),"['巅峰榜·热歌', '巅峰榜·流行指数', '巅峰榜·新歌']",0,,1,0,23
구원자 (Feat. B.I) (救赎者),李遐怡 (LeeHi)/B.I (金韩彬),['巅峰榜·新歌'],0,,1,0,24
겨울잠 (Winter Sleep),IU (아이유),"['巅峰榜·流行指数', '巅峰榜·新歌']",0,,1,0,25
가면무도회 (假面舞会),BIBI (비비),['巅峰榜·新歌'],0,,1,0,26
AMA FREESTYLE,step.jad依加,['巅峰榜·内地'],0,,1,0,27
AI Arena,STOLEN秘密行动,['巅峰榜·内地'],0,,1,0,28
A.I.N.Y. 爱你 (G.E.M.重生版),G.E.M. 邓紫棋,['巅峰榜·新歌'],0,,1,0,29
A&A,乃万NINEONE/99 God,"['巅峰榜·流行指数', '巅峰榜·新歌']",0,,1,0,30
A Way To Die,蒲熠星,['巅峰榜·新歌'],0,,1,0,31
A Girl Needs Love (feat.马思唯),TSP安琪,['巅峰榜·新歌'],0,,1,0,32
90s luv,稣,['巅峰榜·内地'],0,,1,0,33
8 Hours,小酷Coola,['巅峰榜·内地'],0,,1,0,34
5:23PM,宋亚轩,['巅峰榜·新歌'],0,,1,0,35
"5, 4, 3 (Pretty woman) (feat. Lay Bankz)",CxM (SEVENTEEN)/Lay Bankz,['巅峰榜·新歌'],0,,1,0,36
4Y,Bomb比尔,['巅峰榜·内地'],0,,1,0,37
3D (feat. Jack Harlow),Jung Kook/Jack Harlow,['巅峰榜·新歌'],0,,1,0,38
3977,李京泽,['巅峰榜·新歌'],0,,1,0,39
3611,陈子晴,"['巅峰榜·流行指数', '巅峰榜·新歌']",0,,1,0,40
32度的晚风,陆杰awr,"['巅峰榜·流行指数', '巅峰榜·新歌']",0,,1,0,41
321 READY GO,叶枫华,['巅峰榜·内地'],0,,1,0,42
Air,礼志 (YEJI),['巅峰榜·新歌'],0,,1,0,43
Agora Hills (Explicit),Doja Cat,['巅峰榜·新歌'],0,,1,0,44
Afterglow,蔡徐坤,['巅峰榜·新歌'],0,,1,0,45
Afterglow,Ed Sheeran,['巅峰榜·新歌'],0,,1,0,46
After After Party,傻子与白痴/魏如萱,['巅峰榜·内地'],0,,1,0,47
Advice From A Caterpillar,Kidult.,['巅峰榜·内地'],0,,1,0,48
Adrenaline (feat. 张杰),James Blunt/张杰,['巅峰榜·新歌'],0,,1,0,49
Action Figure,威神V(WayV),['巅峰榜·新歌'],0,,1,0,50
Abracadabra,i-dle (아이들),['巅峰榜·新歌'],0,,1,0,51
AYOU (重新出发吗),叶子舒,['巅峰榜·流行指数'],0,,1,0,52
APT.(Hard Bass硬燃) (Remix),Kord,['巅峰榜·流行指数'],0,,1,0,53
APT.,ROSÉ (로제)/Bruno Mars,"['巅峰榜·热歌', '巅峰榜·流行指数']",0,,2,0,54
ANTI EMO,ATYANG,['巅峰榜·内地'],0,,1,0,55
ANGOSTURA (Explicit),keshi,"['巅峰榜·流行指数', '巅峰榜·新歌']",0,,1,0,56
ANGEL+不得不爱,YYY,['巅峰榜·新歌'],0,,1,0,57
ANGEL (天使),尹美莱 (윤미래)/Tiger JK/Bizzy (비지),['巅峰榜·热歌'],0,,1,0,58
Animal,So Far So Good 恰好乐队,['巅峰榜·内地'],0,,1,0,59
Angels (Radio Edit),Vicetone/Kat Nestel,['巅峰榜·流行指数'],0,,1,0,60
Angel Baby,Troye Sivan,['巅峰榜·新歌'],0,,1,0,61
Angel,萨吉,"['巅峰榜·流行指数', '巅峰榜·新歌']",0,,1,0,62
Angel,ALOUIS,['巅峰榜·内地'],0,,1,0,63
Always Online,林俊杰,"['巅峰榜·热歌', '巅峰榜·流行指数']",0,,14,0,64
Alright,Lambert凌杰/Woo,"['巅峰榜·流行指数', '巅峰榜·新歌']",0,,1,0,65
All they way up!,WishU威绪,['巅峰榜·内地'],0,,1,0,66
All Of The Girls You Loved Before,Taylor Swift,['巅峰榜·新歌'],0,,1,0,67
All My People,Alexandra Stan/Manilla Maniacs,['巅峰榜·流行指数'],0,,1,0,68
All In Your Mind,林俊杰,['巅峰榜·新歌'],0,,1,0,69
All I Got,伯贤 (백현),"['巅峰榜·流行指数', '巅峰榜·新歌']",0,,1,0,70
All Eyes On Me,JISOO (지수),"['巅峰榜·热歌', '巅峰榜·流行指数', '巅峰榜·新歌']",0,,1,0,71
All About Me,CK梨/A7i/胡洺嘉/142,['巅峰榜·内地'],0,,1,0,72
Alcohol-Free,TWICE (트와이스),['巅峰榜·新歌'],0,,1,0,73
Airplane,Feiii,['巅峰榜·内地'],0,,1,0,74
"Baby, Don't Cry (인어의 눈물) (Korean Ver.)",EXO (엑소),['巅峰榜·流行指数'],0,,1,0,75
"Baby, Don't Cry (人鱼的眼泪) (Chinese Ver.)",EXO (엑소),"['巅峰榜·热歌', '巅峰榜·流行指数']",0,,5,0,76
Baby I Know,刘雨昕,['巅峰榜·新歌'],0,,1,0,77
Baby I Got You,Cloud9,['巅峰榜·内地'],0,,1,0,78
Baby I Don't Care,CK梨,['巅峰榜·内地'],0,,1,0,79
BREATHE,张艺兴,['巅峰榜·新歌'],0,,1,0,80
BRAIN BOMB,春和竹,['巅峰榜·内地'],0,,1,0,81
BINGBIAN病变 (回忆版),苏星婕/阿辰（阎辰）,"['巅峰榜·流行指数', '巅峰榜·新歌']",0,,1,0,82
BATTER UP (7 ver.),BABYMONSTER (베이비몬스터),"['巅峰榜·流行指数', '巅峰榜·新歌']",0,,1,0,83
BAHAMA,aespa (에스파),['巅峰榜·流行指数'],0,,1,0,84
B.O.M.B,TREASURE (트레저),['巅峰榜·流行指数'],0,,1,0,85
Astronaut In The Ocean (feat. Egor Kreed) (Egor Kreed Remix),Masked Wolf/Егор Крид,['巅峰榜·流行指数'],0,,1,0,86
Artificial Love (浪漫守则),陈以诺Sarah/R.Fia任菲菲,['巅峰榜·内地'],0,,1,0,87
Apt,Nikol,"['巅峰榜·流行指数', '巅峰榜·新歌']",0,,1,0,88
Aphrodite,椅子乐团 The Chairs,['巅峰榜·内地'],0,,1,0,89
Anna,Levinti,['巅峰榜·内地'],0,,1,0,90
Bite Me (Acoustic),Avril Lavigne,['巅峰榜·新歌'],0,,1,0,91
Billyeoon Goyangi (Do the Dance),ILLIT (아일릿),['巅峰榜·新歌'],0,,1,0,92
Billions,Kenxo,['巅峰榜·内地'],0,,1,0,93
Bet On Me,Walk off the Earth/D Smoke,"['巅峰榜·流行指数', '巅峰榜·新歌']",0,,1,0,94
Believer (纯享版),代少冬/韩佩泉Amir/NexT1DE-胡烨韬/周柯宇,['巅峰榜·新歌'],0,,1,0,95
Before,NIKI,['巅峰榜·内地'],0,,1,0,96
Beautiful Mistakes,Maroon 5/Megan Thee Stallion,['巅峰榜·新歌'],0,,1,0,97
Beautiful Girl,cash-c,['巅峰榜·内地'],0,,1,0,98
Beautiful Day,JA符龙飞,['巅峰榜·内地'],0,,1,0,99
Beautiful Christmas,Red Velvet (레드벨벳)/aespa (에스파),['巅峰榜·新歌'],0,,1,0,100
Be Your Cat,夏神铁粉,['巅峰榜·内地'],0,,1,0,101
Bambi,伯贤 (백현),"['巅峰榜·流行指数', '巅峰榜·新歌']",0,,1,0,102
Bad Habits,Ed Sheeran,"['巅峰榜·流行指数', '巅峰榜·新歌']",0,,1,0,103
Back to Life,王源,['巅峰榜·新歌'],0,,1,0,104
Back To Funky Town,祁紫檀,['巅峰榜·内地'],0,,1,0,105
Back In Da Day,BossWang/乔纳森/TripleMAD/Magic Yuan 车龙源,['巅峰榜·内地'],0,,1,0,106
By My Side,JigglePuff/林雨晴/陈睿凡/Terry_Tang,['巅峰榜·内地'],0,,1,0,107
Butterfly,A1 TRIP/Nick.Y,"['巅峰榜·流行指数', '巅峰榜·新歌']",0,,1,0,108
Bushido (Maka Maka),VZEUS,"['巅峰榜·流行指数', '巅峰榜·新歌']",0,,1,0,109
Bungee,NCT DREAM (엔시티 드림),['巅峰榜·新歌'],0,,1,0,110
Brace Yourself For The Bass,Alex Darling,['巅峰榜·内地'],0,,1,0,111
Bored (Explicit),Torine,['巅峰榜·流行指数'],0,,1,0,112
Boom Boom Bass,RIIZE (라이즈),['巅峰榜·新歌'],0,,1,0,113
Blueming,IU (아이유),['巅峰榜·流行指数'],0,,1,0,114
Blue,刘耀文,['巅峰榜·新歌'],0,,1,0,115
Blow,王嘉尔,"['巅峰榜·流行指数', '巅峰榜·新歌']",0,,1,0,116
Blind Fire,太白Great White Planet,['巅峰榜·内地'],0,,1,0,117
Bli Funky,浪之乐队,['巅峰榜·内地'],0,,1,0,118
Blessed Mother,血肉果汁机,['巅峰榜·内地'],0,,1,0,119
Bleeding Love (七元版),七元,"['巅峰榜·流行指数', '巅峰榜·新歌']",0,,1,0,120
Blah Blah Blah,ITZY (있지),['巅峰榜·新歌'],0,,1,0,121
BiuBiu,刘雨昕,['巅峰榜·新歌'],0,,1,0,122
Celine Run,愚月FoolMoon,['巅峰榜·内地'],0,,1,0,123
Catch My Breath (降调版),Lin Nabel,['巅峰榜·新歌'],0,,1,0,124
Catch My Breath (Feat.Kelly Clarkson),NB69A,['巅峰榜·新歌'],0,,1,0,125
Catch My Breath,Kelly Clarkson,"['巅峰榜·热歌', '巅峰榜·流行指数']",0,,2,0,126
Carolina (From The Motion Picture “Where The Crawdads Sing”),Taylor Swift,['巅峰榜·新歌'],0,,1,0,127
Candy,NCT DREAM (엔시티 드림),['巅峰榜·新歌'],0,,1,0,128
Call Me Now,Michael Calfan/INNA,['巅峰榜·流行指数'],0,,1,0,129
Call Me Maybe,Carly Rae Jepsen,"['巅峰榜·热歌', '巅峰榜·流行指数']",0,,1,0,130
Call Me End (山花终将灿烂),Tamboss,['巅峰榜·新歌'],0,,1,0,131
CUT IT UP,So Far So Good 恰好乐队,['巅峰榜·内地'],0,,1,0,132
CRY FOR ME,TWICE (트와이스),['巅峰榜·新歌'],0,,1,0,133
COPDD,宋雨琦 (YUQI) (우기)/穿越火线手游,['巅峰榜·热歌'],0,,1,0,134
COLOR BLIND,袁娅维TIA RAY,"['巅峰榜·流行指数', '巅峰榜·新歌']",0,,1,0,135
COCO,侃迪kandi,['巅峰榜·流行指数'],0,,1,0,136
ByeBye2024（拼好歌）,Zeho傅子豪/Jiaber吴伯滔,"['巅峰榜·流行指数', '巅峰榜·新歌']",0,,1,0,137
By your side,刘凤瑶,"['巅峰榜·流行指数', '巅峰榜·新歌']",0,,1,0,138
Cute Baby,Flipped,"['巅峰榜·流行指数', '巅峰榜·新歌']",0,,1,0,139
Cut it Off,Slowly,['巅峰榜·内地'],0,,1,0,140
Cry For Me (感觉至上),Yg/Zeroy,['巅峰榜·新歌'],0,,1,0,141
Cry For Me (feat. Ami) (为我哭泣),Michita (ミチタ),"['巅峰榜·热歌', '巅峰榜·流行指数']",0,,2,0,142
Cry For Love,伯贤 (백현),"['巅峰榜·流行指数', '巅峰榜·新歌']",0,,1,0,143
Crush On,卢思颖,['巅峰榜·新歌'],0,,1,0,144
Cruel Summer,Taylor Swift,"['巅峰榜·热歌', '巅峰榜·流行指数']",0,,2,0,145
Counting Stars (Feat. Beenzino),BE'O (비오)/Beenzino (빈지노),['巅峰榜·新歌'],0,,1,0,146
Coming For Ya,ETA乐队,['巅峰榜·内地'],0,,1,0,147
Come Through (Explicit),H.E.R./Chris Brown,['巅峰榜·流行指数'],0,,1,0,148
Collapse,Jameshat 剑哈,['巅峰榜·内地'],0,,1,0,149
Cloud Shapes (电影《门锁》插曲）,金車厘子,['巅峰榜·内地'],0,,1,0,150
Christmas Love,Schoolgirl byebye,['巅峰榜·内地'],0,,1,0,151
Cherry,江迟同学,['巅峰榜·内地'],0,,1,0,152
Changes Pt.1,4EVER,['巅峰榜·内地'],0,,1,0,153
Cfbdsir2149,周夏影/法老,['巅峰榜·内地'],0,,1,0,154
Deep end (필릭스)(Deep end (Felix)),Stray Kids (스트레이 키즈)/필릭스 (Felix),['巅峰榜·新歌'],0,,1,0,155
Dear John,比莉,"['巅峰榜·热歌', '巅峰榜·流行指数']",0,,1,0,156
Dear John,杨宝心,"['巅峰榜·流行指数', '巅峰榜·新歌']",0,,1,0,157
Dear Friend,祁紫檀,['巅峰榜·内地'],0,,1,0,158
Deadman,蔡徐坤,['巅峰榜·热歌'],0,,1,0,159
Daylight (汤姆先生变速版),汤姆先生,['巅峰榜·新歌'],0,,1,0,160
Daydream,AxR,['巅峰榜·流行指数'],0,,1,0,161
Dancing All Night,沈默亞SHEN,['巅峰榜·内地'],0,,1,0,162
Dance With Me,Levii1/YUKIKI,['巅峰榜·内地'],0,,1,0,163
Damn！迟到了！！！（prod.rilbeats）,毛孩,['巅峰榜·内地'],0,,1,0,164
Da Da Da (甜妹版),芊芊龍,"['巅峰榜·流行指数', '巅峰榜·新歌']",0,,1,0,165
DTTM,TF家族/TOP登陆少年-张泽禹,['巅峰榜·新歌'],0,,1,0,166
DRIP,BABYMONSTER (베이비몬스터),['巅峰榜·流行指数'],0,,1,0,167
DREAM,BABYMONSTER (베이비몬스터),['巅峰榜·流行指数'],0,,1,0,168
DON'T WASTE MY TIME,洛克GLOCO/王梓力,['巅峰榜·内地'],0,,1,0,169
DICE,NMIXX (엔믹스),['巅峰榜·新歌'],0,,1,0,170
Dramma&Dreamer,Youngior,['巅峰榜·内地'],0,,1,0,171
Downtown,R3HAB/Kelvin Jones,['巅峰榜·新歌'],0,,1,0,172
Down For Life,Tamboss,['巅峰榜·新歌'],0,,1,0,173
Down For Life,MK电音,['巅峰榜·新歌'],0,,1,0,174
Down (非半音版),吴姝凝哇噻呐,['巅峰榜·内地'],0,,1,0,175
Don’t get low (Prod by张杰峻),时间VANESSA,['巅峰榜·内地'],0,,1,0,176
Don't fight the feeling,EXO (엑소),['巅峰榜·新歌'],0,,1,0,177
Doll,菲菲公主（陆绮菲）,['巅峰榜·流行指数'],0,,1,0,178
Ditto – 250 Remix,NewJeans (뉴진스),['巅峰榜·新歌'],0,,1,0,179
Ditto,NewJeans (뉴진스),"['巅峰榜·热歌', '巅峰榜·新歌']",0,,1,0,180
Dirty Work,aespa (에스파),"['巅峰榜·流行指数', '巅峰榜·新歌']",0,,2,0,181
Diamonds Only,威神V(WayV),['巅峰榜·新歌'],0,,1,0,182
Diamond,TRI.BE (트라이비),['巅峰榜·流行指数'],0,,1,0,183
Deja Vu,Lil E/Nick.Y,['巅峰榜·内地'],0,,1,0,184
Defend,Mayk,['巅峰榜·内地'],0,,1,0,185
Deepseek (满血版),Z.Yeshu,['巅峰榜·内地'],0,,1,0,186
Espresso (On Vacation Version),Sabrina Carpenter,['巅峰榜·热歌'],0,,1,0,187
Erased spring,尔尼,['巅峰榜·内地'],0,,1,0,188
Either Way,IVE (아이브),"['巅峰榜·流行指数', '巅峰榜·新歌']",0,,1,0,189
Echoes,冼家逴,['巅峰榜·内地'],0,,1,0,190
Easy On My Heart,Gabry Ponte,['巅峰榜·新歌'],0,,1,0,191
Easy,不敢想象/说唱者联盟,['巅峰榜·内地'],0,,1,0,192
Easy,Troye Sivan/Kacey Musgraves/Mark Ronson,['巅峰榜·新歌'],0,,1,0,193
EYES ON U,Ashencodez,['巅峰榜·内地'],0,,1,0,194
ENERGY!,NIA杨心予,['巅峰榜·内地'],0,,1,0,195
EM20#Freestyle (Explicit),邓典果DDG,['巅峰榜·内地'],0,,1,0,196
Dạ Vũ (夜舞) (夜舞),Tăng Duy Tân/BAE,['巅峰榜·流行指数'],0,,1,0,197
Déjà Vu,Yves V/INNA/Janieck,"['巅峰榜·流行指数', '巅峰榜·新歌']",0,,1,0,198
Duvet,Various Artists,['巅峰榜·流行指数'],0,,1,0,199
Dumb Dumb Bomb,THE9,['巅峰榜·新歌'],0,,1,0,200
Drown (Alle Farben Remix),Martin Garrix/Clinton Kane/Alle Farben,['巅峰榜·流行指数'],0,,1,0,201
Dreams Come True,aespa (에스파),"['巅峰榜·流行指数', '巅峰榜·新歌']",0,,1,0,202
Fiction,BEAST (비스트),['巅峰榜·流行指数'],0,,1,0,203
Feel My Rhythm,Red Velvet (레드벨벳),['巅峰榜·新歌'],0,,1,0,204
Fast Cars & Superstars,Nicholas Witt,"['巅峰榜·流行指数', '巅峰榜·新歌']",0,,1,0,205
Fast Cars & Superstars,Cristian Marchi/Reverend Haus,"['巅峰榜·热歌', '巅峰榜·流行指数']",0,,1,0,206
Falling You,曾可妮/都智文,['巅峰榜·热歌'],0,,1,0,207
Falling Tide,Bo Peep/CR_Twenty-six,['巅峰榜·内地'],0,,1,0,208
Fall in love,罗锟/石杨,"['巅峰榜·流行指数', '巅峰榜·新歌']",0,,1,0,209
Faded,Alan Walker,['巅峰榜·流行指数'],0,,1,0,210
FaSHioN,CORTIS,['巅峰榜·新歌'],0,,1,0,211
FRAGMENT,DAZI,['巅峰榜·内地'],0,,1,0,212
FOREVER,BABYMONSTER (베이비몬스터),['巅峰榜·流行指数'],0,,1,0,213
FAMOUS,ALLDAY PROJECT,"['巅峰榜·流行指数', '巅峰榜·新歌']",0,,1,0,214
F!J!,Dr.Free,['巅峰榜·内地'],0,,1,0,215
Eyes For You,贺峻霖,['巅峰榜·新歌'],0,,1,0,216
Everywhere We Go,陈冠希/MC仁/厨房仔/应采儿,"['巅峰榜·热歌', '巅峰榜·流行指数']",0,,3,0,217
Espresso Girl,Jinx周君怡,['巅峰榜·内地'],0,,1,0,218
Freeze!,沈佳润 (NINA),['巅峰榜·新歌'],0,,1,0,219
Free Loop,鞠文娴/章智捷/蒋嘉阳/七元,['巅峰榜·流行指数'],0,,1,0,220
Free Loop,七元,['巅峰榜·流行指数'],0,,1,0,221
Free Loop,Daniel Powter,"['巅峰榜·热歌', '巅峰榜·流行指数']",0,,3,0,222
For You (Feat. Crush),李遐怡 (LeeHi)/Crush (크러쉬),['巅峰榜·新歌'],0,,1,0,223
Fool For You (降调版),Don7,['巅峰榜·新歌'],0,,1,0,224
Follow You,Imagine Dragons,['巅峰榜·新歌'],0,,1,0,225
FlexXX 炫,刘耀文,"['巅峰榜·热歌', '巅峰榜·流行指数', '巅峰榜·新歌']",0,,1,0,226
Fix Me (纯享版),陆定昊/付思超/李洛尔Zok/荣耀,"['巅峰榜·流行指数', '巅峰榜·新歌']",0,,1,0,227
Fix Me (Live),陆定昊/付思超/李洛尔Zok/荣耀,['巅峰榜·流行指数'],0,,1,0,228
Fire!,Alan Walker/宋雨琦 (YUQI) (우기)/i-dle (아이들)/JVKE,['巅峰榜·新歌'],0,,1,0,229
Fire,Gavin DeGraw,['巅峰榜·流行指数'],0,,1,0,230
Find my world,小高同学,['巅峰榜·内地'],0,,1,0,231
Finally,壞特？te,['巅峰榜·内地'],0,,1,0,232
Fight for you,冬天吃了秋天/CK梨,['巅峰榜·内地'],0,,1,0,233
Fiesta,CxM (SEVENTEEN),['巅峰榜·新歌'],0,,1,0,234
Gone (Deep Phonk),Tamboss,"['巅峰榜·流行指数', '巅峰榜·新歌']",0,,1,0,235
Gone,ROSÉ (로제),['巅峰榜·新歌'],0,,1,0,236
Going Dumb (with Stray Kids),Alesso/Stray Kids (스트레이 키즈)/CORSAK胡梦周,['巅峰榜·新歌'],0,,1,0,237
Glimpse of Us,Joji,['巅峰榜·内地'],0,,1,0,238
Girls‘Talk,两条腿Leggy/Hailie黑梨,['巅峰榜·内地'],0,,1,0,239
Gimme (Reset),人面兽心/花凯,['巅峰榜·新歌'],0,,1,0,240
Get A Guitar,RIIZE (라이즈),['巅峰榜·新歌'],0,,1,0,241
GRL GVNG,XG,"['巅峰榜·流行指数', '巅峰榜·新歌']",0,,1,0,242
GO!,CORTIS,['巅峰榜·新歌'],0,,1,0,243
GGUM,YEONJUN,['巅峰榜·新歌'],0,,1,0,244
GANADARA (Feat. 아이유),朴宰范 (Jay Park)/IU (아이유),['巅峰榜·新歌'],0,,1,0,245
GAME,那吾克热-NW,['巅峰榜·内地'],0,,1,0,246
GALA,XG,['巅峰榜·新歌'],0,,1,0,247
G324,陈冯/Muyoi,['巅峰榜·内地'],0,,1,0,248
G Love (Mashup),Tamboss,['巅峰榜·流行指数'],0,,1,0,249
Friendships (Lost My Love),Pascal Letoublon/Leony,['巅峰榜·流行指数'],0,,1,0,250
Head On,林俊杰,['巅峰榜·新歌'],0,,1,0,251
Hate Rodrigo (Feat.YUQI ((G)I-DLE)),YENA (崔叡娜)/宋雨琦 (YUQI) (우기),"['巅峰榜·流行指数', '巅峰榜·新歌']",0,,1,0,252
Hard to Love (Explicit ver.),BLACKPINK (블랙핑크),['巅峰榜·新歌'],0,,1,0,253
HUSH,金圣圭 (김성규),"['巅峰榜·流行指数', '巅峰榜·新歌']",0,,1,0,254
HOAPROX (Remix),Subai/JVLA/7evens/Max,['巅峰榜·流行指数'],0,,1,0,255
HER&HER,幸儿ECHASL,['巅峰榜·内地'],0,,1,0,256
HEAVEN,Ailee (에일리),"['巅峰榜·热歌', '巅峰榜·流行指数']",0,,2,0,257
HAPPY GIRL (快乐女孩),与非门,['巅峰榜·内地'],0,,1,0,258
H.Y.,李昊一,['巅峰榜·内地'],0,,1,0,259
Gwalla,虞书欣,['巅峰榜·新歌'],0,,1,0,260
Gut Feeling,PANTHEPACK,['巅峰榜·新歌'],0,,1,0,261
Groovy,DAGE&DAYE,['巅峰榜·内地'],0,,1,0,262
Gotta Let Go,FLXQ,['巅峰榜·内地'],0,,1,0,263
Got You,刘耀文,['巅峰榜·新歌'],0,,1,0,264
Goodbye My Old Friend,R1SE,['巅峰榜·新歌'],0,,1,0,265
GoneBad,Gumperti,['巅峰榜·新歌'],0,,1,0,266
Hot & Cold (温差),KAI (金钟仁)/SEULGI (슬기)/JENO (제노)/KARINA (카리나),"['巅峰榜·流行指数', '巅峰榜·新歌']",0,,1,0,267
Hope(feat. Ghosthack),STonE,['巅峰榜·内地'],0,,1,0,268
Holiday Cheer,Lucid Keys,['巅峰榜·新歌'],0,,1,0,269
Hold On Tight,aespa (에스파),"['巅峰榜·流行指数', '巅峰榜·新歌']",0,,1,0,270
Hiking (Bass House),HLHS,"['巅峰榜·流行指数', '巅峰榜·新歌']",0,,1,0,271
Higher,R.E.D,"['巅峰榜·流行指数', '巅峰榜·新歌']",0,,1,0,272
Hidings,Alex Darling,['巅峰榜·内地'],0,,1,0,273
Hi Fine Shyt,张天枢/ZIK/費奈爾蘭德,['巅峰榜·内地'],0,,1,0,274
Hey Left,涵怡,"['巅峰榜·流行指数', '巅峰榜·新歌']",0,,1,0,275
Hello Future,NCT DREAM (엔시티 드림),"['巅峰榜·流行指数', '巅峰榜·新歌']",0,,1,0,276
Hello,丁星辰,"['巅峰榜·流行指数', '巅峰榜·新歌']",0,,1,0,277
Hell,G.E.M. 邓紫棋,['巅峰榜·流行指数'],0,,1,0,278
Heart's On Fire (feat.Ashley Alisha),陈浩东,['巅峰榜·内地'],0,,1,0,279
Heart beat,Z0ILENT,['巅峰榜·新歌'],0,,1,0,280
Hear Me Out,EXO (엑소),"['巅峰榜·流行指数', '巅峰榜·新歌']",0,,1,0,281
Headlights,陈睿凡/殷海燕/JigglePuff,['巅峰榜·内地'],0,,1,0,282
I say 春与夏,Half cat,['巅峰榜·内地'],0,,1,0,283
I got a ring,糖果超甜,['巅峰榜·新歌'],0,,1,0,284
I Will,染色体全员,['巅峰榜·新歌'],0,,1,0,285
I Think I Love You (MV版),曹杨/吴映洁,['巅峰榜·新歌'],0,,1,0,286
I See You,茜西,['巅峰榜·新歌'],0,,1,0,287
I Love,AD没有钙,['巅峰榜·新歌'],0,,1,0,288
I Knew You Were Trouble,Taylor Swift,['巅峰榜·流行指数'],0,,1,0,289
I Don’t Think That I Like Her,Charlie Puth,['巅峰榜·新歌'],0,,1,0,290
I Don't Do drugs (Explicit),Doja Cat/Ariana Grande,"['巅峰榜·流行指数', '巅峰榜·新歌']",0,,1,0,291
Håll om mig,Nanne,['巅峰榜·流行指数'],0,,1,0,292
Hype Me Up,楚楚,['巅峰榜·内地'],0,,1,0,293
Hurt You Again,朱婧汐Akini Jing,['巅峰榜·内地'],0,,1,0,294
Hurt,NewJeans (뉴진스),['巅峰榜·热歌'],0,,1,0,295
How You Like That,BLACKPINK (블랙핑크),['巅峰榜·流行指数'],0,,1,0,296
How Should I Do (同期录音),leegof,['巅峰榜·内地'],0,,1,0,297
Hot Summer Night,Dr.Free,['巅峰榜·内地'],0,,1,0,298
Jet,银赫 (은혁)/孝渊 (HYO)/泰容 (태용)/渽民 (재민),['巅峰榜·新歌'],0,,1,0,299
Jelly (果冻),芯竹XENZU,['巅峰榜·内地'],0,,1,0,300
Jazz on the Clock!!,Luxiem,['巅峰榜·新歌'],0,,1,0,301
Into the Forest,树莉莉 Serrini,['巅峰榜·内地'],0,,1,0,302
Infinity (PRETTY YOUNG Remix),Jaymes Young,"['巅峰榜·流行指数', '巅峰榜·新歌']",0,,1,0,303
In Two 迷雾,刘耀文,"['巅峰榜·热歌', '巅峰榜·流行指数', '巅峰榜·新歌']",0,,1,0,304
In The Shadow Of The Sun,绝岛辣妹,['巅峰榜·流行指数'],0,,1,0,305
If We Ever Broke Up (Explicit),Mae Stephens,['巅峰榜·新歌'],0,,1,0,306
IYAH (아이야),姜昇润 (강승윤),['巅峰榜·新歌'],0,,1,0,307
INFJ,Tuesday Market,['巅峰榜·内地'],0,,1,0,308
IMMA GET IT,檀健次,['巅峰榜·新歌'],0,,1,0,309
III,Athletics,['巅峰榜·流行指数'],0,,1,0,310
IF YOU,BIGBANG (빅뱅),"['巅峰榜·热歌', '巅峰榜·流行指数']",0,,6,0,311
I'm in the Mood for Dancing,俞宙 (유주),['巅峰榜·新歌'],0,,1,0,312
I'm OK,AK刘彰/sunkis 宋秉勤,"['巅峰榜·流行指数', '巅峰榜·新歌']",0,,1,0,313
I think,阿YueYue,"['巅峰榜·流行指数', '巅峰榜·新歌']",0,,1,0,314
LIKE THAT,BABYMONSTER (베이비몬스터),"['巅峰榜·流行指数', '巅峰榜·新歌']",0,,1,0,315
LETS RUNAWAY,VEGEE CAU,['巅峰榜·内地'],0,,1,0,316
LALISA,LISA (리사),['巅峰榜·新歌'],0,,1,0,317
Kunio Warriors (国士无双),ZsFlovexl,['巅峰榜·新歌'],0,,1,0,318
Kunio Warriors (Mashup),ZsFlovexl,['巅峰榜·新歌'],0,,1,0,319
Kitsch,IVE (아이브),"['巅峰榜·流行指数', '巅峰榜·新歌']",0,,1,0,320
Kill Night 耀,刘耀文,"['巅峰榜·热歌', '巅峰榜·新歌']",0,,1,0,321
KateTsui姚可可（prod.555kenichi）,黑兔Hate2,['巅峰榜·内地'],0,,1,0,322
Kaitlyn,粉浪,['巅峰榜·内地'],0,,1,0,323
KNOW ABOUT ME,NMIXX (엔믹스),['巅峰榜·新歌'],0,,1,0,324
KIPINEK,那奇沃夫/Prodby玉/TingleM,['巅峰榜·内地'],0,,1,0,325
Just to be around,杨紫沁,['巅峰榜·内地'],0,,1,0,326
Just one love,噔咦嘁,['巅峰榜·内地'],0,,1,0,327
Just Friends (Explicit),Hayden James/Boy Matthews,['巅峰榜·流行指数'],0,,1,0,328
Just For Love,Cloud9,['巅峰榜·内地'],0,,1,0,329
JoyRide,CORTIS,['巅峰榜·新歌'],0,,1,0,330
Left and Right,Charlie Puth/Jung Kook/BTS (防弹少年团),"['巅峰榜·流行指数', '巅峰榜·新歌']",0,,1,0,331
Leave The Door Open,Bruno Mars/Anderson .Paak/Silk Sonic,"['巅峰榜·流行指数', '巅峰榜·新歌']",0,,1,0,332
Leave Me Alone,关浩德Walter,['巅峰榜·内地'],0,,1,0,333
Last King Freestyle,艾志恒Asen,['巅峰榜·内地'],0,,1,0,334
Ladyboy,MC HotDog 热狗/马念先,"['巅峰榜·流行指数', '巅峰榜·新歌']",0,,1,0,335
Lady be like (女人样),于贞,['巅峰榜·内地'],0,,1,0,336
La La La (Kaos Remix / Bonus Track),Naughty Boy/Sam Smith,['巅峰榜·流行指数'],0,,1,0,337
La La La,Naughty Boy/Sam Smith,['巅峰榜·流行指数'],0,,1,0,338
LOVE SCENARIO (曾经爱过),iKON (아이콘),['巅峰榜·流行指数'],0,,1,0,339
LOVE LOVE,也可,"['巅峰榜·流行指数', '巅峰榜·新歌']",0,,1,0,340
LOVE COUNTDOWN (Feat. Wonstein),娜琏 (나연)/Wonstein (원슈타인),"['巅峰榜·流行指数', '巅峰榜·新歌']",0,,1,0,341
LOSER,米津玄師 (よねづ けんし),['巅峰榜·流行指数'],0,,2,0,342
LOOK FOR ME,满舒克,['巅峰榜·新歌'],0,,1,0,343
LONGING,Alceo Lazzari,['巅峰榜·新歌'],0,,1,0,344
LOCO,ITZY (있지),"['巅峰榜·流行指数', '巅峰榜·新歌']",0,,1,0,345
LMLY,王嘉尔,"['巅峰榜·流行指数', '巅峰榜·新歌']",0,,1,0,346
Lights-Off,张羽涵Leezi,['巅峰榜·内地'],0,,1,0,347
Light Comes Up,冬天吃了秋天/CK梨/142,['巅峰榜·内地'],0,,1,0,348
Life's Too Short (English Ver.),aespa (에스파),"['巅峰榜·热歌', '巅峰榜·流行指数', '巅峰榜·新歌']",0,,1,0,349
Life Goes On,Oliver Tree,['巅峰榜·流行指数'],0,,1,0,350
Life,汪济深Wangdaland,['巅峰榜·内地'],0,,1,0,351
Letting Go (释怀版),苏星婕,"['巅峰榜·流行指数', '巅峰榜·新歌']",0,,2,0,352
Letting Go (女版),陈之,['巅峰榜·流行指数'],0,,1,0,353
Letting Go (Live),汪苏泷/吉克隽逸,['巅峰榜·热歌'],0,,1,0,354
Letting Go,蔡健雅,"['巅峰榜·热歌', '巅峰榜·流行指数']",0,,14,0,355
Letting Go,林思欣,['巅峰榜·流行指数'],0,,1,0,356
Let me go (prod.Nashi),Yunnyyyy,['巅峰榜·内地'],0,,1,0,357
Let me down,艾克斯Dragon/CrispyHerry,['巅峰榜·内地'],0,,1,0,358
Let Me Love You,DJ Snake/Justin Bieber,['巅峰榜·流行指数'],0,,1,0,359
Let Love Win,TheFatRat/Anjulie,['巅峰榜·新歌'],0,,1,0,360
Let Go,黄礼格/队长,['巅峰榜·流行指数'],0,,1,0,361
Lemon,米津玄師 (よねづ けんし),['巅峰榜·流行指数'],0,,2,0,362
Love Story (Taylor's Version),Taylor Swift,['巅峰榜·流行指数'],0,,1,0,363
Love Story (Elvira Remix),Taylor Swift,"['巅峰榜·流行指数', '巅峰榜·新歌']",0,,1,0,364
Love Story,Taylor Swift,"['巅峰榜·热歌', '巅峰榜·流行指数']",0,,7,0,365
Love Scene,伯贤 (백현),"['巅峰榜·流行指数', '巅峰榜·新歌']",0,,1,0,366
Love Me Like This,NMIXX (엔믹스),"['巅峰榜·流行指数', '巅峰榜·新歌']",0,,1,0,367
Love Love,金润吉,['巅峰榜·流行指数'],0,,1,0,368
Lost Without You,Alex Darling,['巅峰榜·内地'],0,,1,0,369
Lost Control,Agera,['巅峰榜·内地'],0,,1,0,370
Lost Cause (Explicit),Billie Eilish,['巅峰榜·新歌'],0,,1,0,371
Lost,Maroon 5,['巅峰榜·新歌'],0,,1,0,372
Losing Game,元气牛油果,['巅峰榜·内地'],0,,1,0,373
Lose Control,MIKS,['巅峰榜·内地'],0,,1,0,374
Look What You Made Me Do,Taylor Swift,['巅峰榜·流行指数'],0,,1,0,375
Little Present,黄玠玮,['巅峰榜·内地'],0,,1,0,376
Like a Flower,窦佳嫄,['巅峰榜·内地'],0,,1,0,377
Like You Do,林俊杰,"['巅峰榜·流行指数', '巅峰榜·新歌']",0,,1,0,378
MAYBE IT'S ME,米卡,"['巅峰榜·流行指数', '巅峰榜·新歌']",0,,1,0,379
MARRY SONG.,Zeen,['巅峰榜·内地'],0,,1,0,380
MANIAC,Stray Kids (스트레이 키즈),['巅峰榜·新歌'],0,,1,0,381
MAGNETIC,Rain (郑智薰)/王嘉尔,['巅峰榜·新歌'],0,,1,0,382
MAGENTA POTION,阿吉野马,['巅峰榜·新歌'],0,,1,0,383
Lydia (男声版),郑鱼,"['巅峰榜·流行指数', '巅峰榜·新歌']",0,,1,0,384
Lydia,黄霄雲,['巅峰榜·新歌'],0,,1,0,385
Luv Cuz Fever 爱是龟壳,Or1ando/说唱者联盟,['巅峰榜·内地'],0,,1,0,386
Lullaby,CORTIS,['巅峰榜·新歌'],0,,1,0,387
Lucky Girl Syndrome,ILLIT (아일릿),"['巅峰榜·流行指数', '巅峰榜·新歌']",0,,1,0,388
Lover Like Me,CL (李彩麟),['巅峰榜·新歌'],0,,1,0,389
Lover Boy 88 (纯享版),林墨/陈俊洁/张腾/张嘉元,['巅峰榜·新歌'],0,,1,0,390
Lover,Taylor Swift,"['巅峰榜·热歌', '巅峰榜·流行指数']",0,,2,0,391
Love is over,Liam NY,['巅峰榜·内地'],0,,1,0,392
Love You Like A Love Song (新版),七元,['巅峰榜·流行指数'],0,,1,0,393
Love U2,陈伟霆,['巅峰榜·热歌'],0,,1,0,394
Miss Me Too,任泽华,['巅峰榜·内地'],0,,1,0,395
Milan,Youngior,['巅峰榜·内地'],0,,1,0,396
Midnight Fiction,ILLIT (아일릿),"['巅峰榜·流行指数', '巅峰榜·新歌']",0,,1,0,397
Midday Sleep,陈燕姿,['巅峰榜·内地'],0,,1,0,398
Memory Panic,新娘危机BridesCrisis/法线干扰乐队,['巅峰榜·内地'],0,,1,0,399
Melody,少女时代-Oh! GG (소녀시대-오!지지),['巅峰榜·新歌'],0,,1,0,400
Mannequin 塑料模特,SIENA,['巅峰榜·内地'],0,,1,0,401
Make Your Own Way,BorderWalker/鸡皮疙瘩,['巅峰榜·内地'],0,,1,0,402
Magnetic,ILLIT (아일릿),"['巅峰榜·热歌', '巅峰榜·流行指数', '巅峰榜·新歌']",0,,1,0,403
Ma direction (混音|Freshkinho Remix),DjFreshkinho,['巅峰榜·流行指数'],0,,1,0,404
MORE,胡夏,['巅峰榜·新歌'],0,,1,0,405
MOOD CATCHER,GT/K. Zoom,['巅峰榜·内地'],0,,1,0,406
MONEY,LISA (리사),['巅峰榜·新歌'],0,,1,0,407
MISSING YOU,R. City,['巅峰榜·流行指数'],0,,1,0,408
MINE,钱润玉Runyu/Sweater Beats,['巅峰榜·内地'],0,,1,0,409
MEOW,MEOVV (미야오),['巅峰榜·新歌'],0,,1,0,410
NOT SORRY (Feat. pH-1) (Prod. by Slom),李泳知 (이영지)/pH-1,['巅峰榜·新歌'],0,,1,0,411
NO PROBLEM (Feat.Felix (Stray Kids)),娜琏 (나연)/필릭스 (Felix),"['巅峰榜·流行指数', '巅峰榜·新歌']",0,,1,0,412
NATASHA,乃万NINEONE,['巅峰榜·新歌'],0,,1,0,413
My love My Bae (好像你一直都在这里),木子易,['巅峰榜·流行指数'],0,,1,0,414
My love (说了再多你却毫不在意),陆杰awr,"['巅峰榜·流行指数', '巅峰榜·新歌']",0,,1,0,415
My World,ILLIT (아일릿),"['巅峰榜·流行指数', '巅峰榜·新歌']",0,,1,0,416
My Soul,张新成,['巅峰榜·新歌'],0,,1,0,417
My Heart Will Go,DJ小姨,['巅峰榜·流行指数'],0,,1,0,418
Mr.J,刘瑞琦,['巅峰榜·内地'],0,,1,0,419
Moon,白雾,['巅峰榜·内地'],0,,1,0,420
Monsters (MushrooM Remix),Katie Sky,['巅峰榜·流行指数'],0,,1,0,421
Monday,窦靖童,['巅峰榜·内地'],0,,1,0,422
Moment,刘忻/遗忘俱乐部,['巅峰榜·内地'],0,,1,0,423
Mob,大摆锤乐队（pendulum ride）,['巅峰榜·内地'],0,,1,0,424
MoJiaDai 莫加戴,万妮达Vinida Weng,['巅峰榜·内地'],0,,1,0,425
Missing you,赵旋/王粲雯SEVEN/Sarah彭彭,['巅峰榜·内地'],0,,1,0,426
Not Friendly (Live),GAI周延,['巅峰榜·流行指数'],0,,1,0,427
Not Angry,Chris James,['巅峰榜·流行指数'],0,,1,0,428
Normal No More (Explicit),TYSM,['巅峰榜·流行指数'],0,,1,0,429
"Nobody Like U (From ""Turning Red""/Soundtrack Version)",4*TOWN/Jordan Fisher/Finneas O'Connell/Josh Levi,"['巅峰榜·流行指数', '巅峰榜·新歌']",0,,1,0,430
No Time To Die,Billie Eilish,['巅峰榜·流行指数'],0,,1,0,431
No Sweat,Milk,['巅峰榜·内地'],0,,1,0,432
No Love (Extended Version|Explicit),Summer Walker/SZA/Cardi B,"['巅峰榜·流行指数', '巅峰榜·新歌']",0,,1,0,433
No Explanations,张颜齐/Stephanie Poetri/Elephante,['巅峰榜·内地'],0,,1,0,434
No Cap Kil (高燃硬曲),XiRXG,['巅峰榜·流行指数'],0,,1,0,435
Nighty Night 晚安,刘耀文,"['巅峰榜·热歌', '巅峰榜·流行指数', '巅峰榜·新歌']",0,,1,0,436
New Boy,房东的猫,['巅峰榜·流行指数'],0,,1,0,437
New Agee (Deep Phonk),XloveSF,['巅峰榜·新歌'],0,,1,0,438
Never say goodbye,Jerrosl4/D.L,['巅峰榜·内地'],0,,1,0,439
Neon Dash (feat.JIN),IDKAATAL/电音联盟,['巅峰榜·内地'],0,,1,0,440
NUNA3.0,郑润泽,['巅峰榜·新歌'],0,,1,0,441
NUNA 2.0,队长/叶琼琳,['巅峰榜·新歌'],0,,1,0,442
"Oh,Bunny",脉冲星  (The Pulsar),['巅峰榜·内地'],0,,1,0,443
Oh Tell Me Why,喻言,"['巅峰榜·流行指数', '巅峰榜·新歌']",0,,1,0,444
Oh Santa!,Mariah Carey/Ariana Grande/Jennifer Hudson,['巅峰榜·新歌'],0,,1,0,445
Off The Hook,Jeff Jarvis,['巅峰榜·流行指数'],0,,1,0,446
ORIGINAL,斑比Bambii/FEEEleven/Kc/RaCie,['巅峰榜·内地'],0,,1,0,447
"ON AIR (Feat. 로꼬, 박재범 & GRAY)",lIlBOI (릴보이)/Loco (로꼬)/朴宰范 (Jay Park)/GRAY (그레이),['巅峰榜·新歌'],0,,1,0,448
OMG – FRNK Remix,NewJeans (뉴진스),['巅峰榜·新歌'],0,,1,0,449
OKAY (A版|Live),何德瑞/十七/孙滢皓/亿轩,['巅峰榜·流行指数'],0,,1,0,450
Nowadays,李沐籽,['巅峰榜·内地'],0,,1,0,451
Now's Great,吴姝凝哇噻呐,['巅峰榜·内地'],0,,1,0,452
Now & Forever,雷雨心,['巅峰榜·内地'],0,,1,0,453
November 14th,赤潮RedTide,['巅峰榜·内地'],0,,1,0,454
Notorious,Maga,['巅峰榜·新歌'],0,,1,0,455
Nothing's gonna change my love for you (七元版),七元,['巅峰榜·新歌'],0,,1,0,456
Nothing ever stops me,LÜCY/Jaguar Sun,['巅峰榜·内地'],0,,1,0,457
Nothin'on Me,Huiyi,"['巅峰榜·流行指数', '巅峰榜·新歌']",0,,1,0,458
PRESSURE,袁娅维TIA RAY,"['巅峰榜·流行指数', '巅峰榜·新歌']",0,,1,0,459
POP!,娜琏 (나연),"['巅峰榜·流行指数', '巅峰榜·新歌']",0,,1,0,460
PLEASE THINK OF ME,Shu,['巅峰榜·内地'],0,,1,0,461
PING PONG,현아&던 (HyunA&DAWN),['巅峰榜·新歌'],0,,1,0,462
PHOENIX,FPX/Chrissy Costanza/Against the Current,['巅峰榜·新歌'],0,,1,0,463
Over Gone (Phonk),VZEUS/Jamvana,['巅峰榜·新歌'],0,,1,0,464
Outside,Calvin Harris/Ellie Goulding,['巅峰榜·流行指数'],0,,1,0,465
Only U (I Wanna Be Down),HINA,['巅峰榜·内地'],0,,1,0,466
Only Gets Better,ChoY,['巅峰榜·内地'],0,,1,0,467
One Spot,沈佳润 (NINA),"['巅峰榜·流行指数', '巅峰榜·新歌']",0,,1,0,468
One Of The Girls,The Weeknd/JENNIE (제니)/Lily-Rose Depp,['巅峰榜·新歌'],0,,1,0,469
Once Upon A Time (House Extended Mix),Max Oazo/Moonessa,['巅峰榜·流行指数'],0,,1,0,470
On my way,Franky弗兰奇,['巅峰榜·内地'],0,,1,0,471
On The Ground,ROSÉ (로제),['巅峰榜·新歌'],0,,1,0,472
On My Mind,Alex Warren/ROSÉ (로제),['巅峰榜·流行指数'],0,,1,0,473
Old Town Road (Remix),Lil Nas X/Billy Ray Cyrus/Young Thug/Mason Ramsey,['巅峰榜·流行指数'],0,,1,0,474
Pink Venom,BLACKPINK (블랙핑크),['巅峰榜·热歌'],0,,1,0,475
Pillow Talk,Veegee徐若侨,['巅峰榜·内地'],0,,1,0,476
Pick Me Up,闪星TwinkleStar,['巅峰榜·内地'],0,,1,0,477
Philip Marlowe (菲利普马洛),Berlin Psycho Nurses,['巅峰榜·内地'],0,,1,0,478
Phantom,威神V(WayV),['巅峰榜·新歌'],0,,1,0,479
Performer,Chill_JI,['巅峰榜·内地'],0,,1,0,480
Perfect World,TWICE (트와이스),"['巅峰榜·流行指数', '巅峰榜·新歌']",0,,1,0,481
Peaches (Remix|Explicit),Justin Bieber/Ludacris/Usher/Snoop Dogg,['巅峰榜·新歌'],0,,1,0,482
Peaches (Masterkraft Remix|Explicit),Justin Bieber/Alpha P/Omah Lay,['巅峰榜·流行指数'],0,,1,0,483
Peaches (Explicit),Justin Bieber/Daniel Caesar/GIVĒON,['巅峰榜·新歌'],0,,1,0,484
Payphone,Maroon 5/Wiz Khalifa,['巅峰榜·流行指数'],0,,1,0,485
Party是我家,蜜瓜夜晚,['巅峰榜·内地'],0,,1,0,486
Paradise,Alan Walker/K-391/Boy In Space,['巅峰榜·新歌'],0,,1,0,487
Panorama,IZ*ONE (아이즈원),['巅峰榜·新歌'],0,,1,0,488
Panic,범규 (崔杋圭),"['巅峰榜·流行指数', '巅峰榜·新歌']",0,,1,0,489
PUPPET SHOW,XG,"['巅峰榜·流行指数', '巅峰榜·新歌']",0,,1,0,490
ROUSE (唤醒),齐奕同/董子龙/M&K/Taisheng Music,['巅峰榜·内地'],0,,1,0,491
RINGO (苹果),ITZY (있지),"['巅峰榜·流行指数', '巅峰榜·新歌']",0,,1,0,492
RE:WIND,饭卡/阿萨Aza,['巅峰榜·内地'],0,,1,0,493
RAVE LOVE 2,OAO,['巅峰榜·内地'],0,,1,0,494
Purpose of Life,元气牛油果,['巅峰榜·内地'],0,,1,0,495
Pure Ocean (带上耳机感受更佳),Hardwal,['巅峰榜·流行指数'],0,,1,0,496
Pump Up,朱婧汐Akini Jing,['巅峰榜·内地'],0,,1,0,497
Pull Up,PANTHEPACK,['巅峰榜·新歌'],0,,1,0,498
Proplayer,A2WT5保持警惕/Xelly小丽/皮特潘/王未来,['巅峰榜·内地'],0,,1,0,499
Privacy,伯贤 (백현),"['巅峰榜·流行指数', '巅峰榜·新歌']",0,,1,0,500
Priority,最强昌珉/太妍 (태연)/WINTER (윈터),['巅峰榜·新歌'],0,,1,0,501
Pretty Please,Hearts2Hearts,['巅峰榜·新歌'],0,,1,0,502
Pray Alone,BorderWalker/鸡皮疙瘩,['巅峰榜·内地'],0,,1,0,503
Power (In Your Soul),Interupt/Luna LePage,"['巅峰榜·流行指数', '巅峰榜·新歌']",0,,2,0,504
Ponzona,PURPLE KISS (퍼플키스),['巅峰榜·新歌'],0,,1,0,505
Poetess,LÜCY,['巅峰榜·内地'],0,,1,0,506
Right Back,D.N.A/张艺兴,['巅峰榜·流行指数'],0,,1,0,507
Rich Man (English Ver.),aespa (에스파),['巅峰榜·新歌'],0,,1,0,508
Rhythm Of The Water,ZHANGYE/Pia Toscano,['巅峰榜·内地'],0,,1,0,509
Retro Lover,和平和浪,['巅峰榜·内地'],0,,1,0,510
Replay,FiFi Zhang,['巅峰榜·内地'],0,,1,0,511
Remember Our Summer,FrogMonster,['巅峰榜·流行指数'],0,,2,0,512
Recite a Poem园 (Feat.李紫婷),FOX胡天渝/MiMi李紫婷,['巅峰榜·内地'],0,,1,0,513
Recall (Radio Edit),Kauapk,"['巅峰榜·流行指数', '巅峰榜·新歌']",0,,1,0,514
Reality (Christmas Mix|Mixed),Lost Frequencies/Janieck,['巅峰榜·新歌'],0,,1,0,515
Real Me,胡碧云,['巅峰榜·内地'],0,,1,0,516
Ready now (Live),Ghost (王琳凯),['巅峰榜·流行指数'],0,,1,0,517
Ready For Love,BLACKPINK (블랙핑크),['巅峰榜·新歌'],0,,1,0,518
Ready 2 Shoot,GT,['巅峰榜·内地'],0,,1,0,519
Raining,Ghost (王琳凯),['巅峰榜·新歌'],0,,1,0,520
Radio (纯享版),奥斯卡OZCARWANG/周柯宇/谷柳霖/凌箫,['巅峰榜·新歌'],0,,1,0,521
Radio (Dum-Dum),宋雨琦 (YUQI) (우기),"['巅峰榜·热歌', '巅峰榜·流行指数', '巅峰榜·新歌']",0,,2,0,522
Running Up That Hill (DJ版),Trinix Remix,['巅峰榜·流行指数'],0,,1,0,523
Running Out Of Roses,Alan Walker/Jamie Miller,['巅峰榜·新歌'],0,,1,0,524
Runaway,EXO (엑소),['巅峰榜·新歌'],0,,1,0,525
Run To Me,汤乐队,['巅峰榜·内地'],0,,1,0,526
Romantic Light,Youngior,['巅峰榜·内地'],0,,1,0,527
Rollin,Don7,['巅峰榜·新歌'],0,,1,0,528
Rockstar,LISA (리사),"['巅峰榜·流行指数', '巅峰榜·新歌']",0,,1,0,529
Robot Swing Me to the Moon,Robot Swing/陈以恒,['巅峰榜·内地'],0,,1,0,530
Rising Land,苏醒AllenSu,['巅峰榜·新歌'],0,,1,0,531
Ring The Alarm,KARD (카드),['巅峰榜·新歌'],0,,1,0,532
Ring Ring Ring (最热男版),Gaston庞加斯顿,['巅峰榜·流行指数'],0,,1,0,533
Ring Ring Ring,吴可儿Woo,"['巅峰榜·流行指数', '巅峰榜·新歌']",0,,1,0,534
Ring Ring Ring,何曼婷,"['巅峰榜·流行指数', '巅峰榜·新歌']",0,,1,0,535
Ring Ring Ring,不是花火呀,"['巅峰榜·流行指数', '巅峰榜·新歌']",0,,1,0,536
Ring Ring Ring,S.H.E,['巅峰榜·流行指数'],0,,1,0,537
Right Now,NewJeans (뉴진스),['巅峰榜·新歌'],0,,1,0,538
Seasons (Futuristik & Whogaux Remix),Rival/Cadmium/Harley Bird,['巅峰榜·流行指数'],0,,1,0,539
Say If,Ameliekiko,['巅峰榜·内地'],0,,1,0,540
Savin' Up My Energy,莉莉童,['巅峰榜·内地'],0,,1,0,541
Saturday Drip,NCT DREAM (엔시티 드림),['巅峰榜·新歌'],0,,1,0,542
Salt,Ava Max,['巅峰榜·热歌'],0,,1,0,543
Sad Boy (feat. Ava Max & Kylie Cantrall),R3HAB/Jonas Blue/Ava Max/Kylie Cantrall,['巅峰榜·新歌'],0,,1,0,544
SWIPE,ITZY (있지),['巅峰榜·新歌'],0,,1,0,545
SWEATER,Ghost (王琳凯)/Sueco,['巅峰榜·新歌'],0,,1,0,546
STYLE,Hearts2Hearts,['巅峰榜·新歌'],0,,1,0,547
STAY (Explicit),The Kid LAROI/Justin Bieber,['巅峰榜·流行指数'],0,,2,0,548
STAR WALKIN' (Clean),Lil Nas X,['巅峰榜·新歌'],0,,1,0,549
SOS（Future Bass）,Kord,['巅峰榜·新歌'],0,,1,0,550
SOLO,Rico Zayd,['巅峰榜·内地'],0,,1,0,551
SHEESH,BABYMONSTER (베이비몬스터),"['巅峰榜·流行指数', '巅峰榜·新歌']",0,,1,0,552
SET ME FREE,TWICE (트와이스),['巅峰榜·新歌'],0,,1,0,553
S.H.E.,Lil Zkay,['巅峰榜·内地'],0,,1,0,554
Shivers,Ed Sheeran,['巅峰榜·新歌'],0,,1,0,555
Shine Brighter (愈加璀璨),希林娜依高,['巅峰榜·新歌'],0,,1,0,556
She's my boo (她的美丽只有我抓得住),xxxmiracle/knowme,['巅峰榜·内地'],0,,1,0,557
She,Vicky宣宣,['巅峰榜·内地'],0,,1,0,558
Sharks,Imagine Dragons,['巅峰榜·新歌'],0,,1,0,559
Shadow of the Sun,Max Elto,['巅峰榜·流行指数'],0,,1,0,560
Shadow of the Sun,Alexer Lyton,"['巅峰榜·流行指数', '巅峰榜·新歌']",0,,1,0,561
Seven Days,Mark Medlock,['巅峰榜·流行指数'],0,,1,0,562
Sequence,IZ*ONE (아이즈원),['巅峰榜·新歌'],0,,1,0,563
Send It (feat. Rich Homie Quan),Austin Mahone/Rich Homie Quan,['巅峰榜·流行指数'],0,,1,0,564
Self Love (Spider-Man: Across the Spider-Verse),Metro Boomin/Coi Leray,['巅峰榜·新歌'],0,,1,0,565
Seefeel (数白榄),张璐诗Lucy Cheung,['巅峰榜·内地'],0,,1,0,566
See You (白狐),Acacia,['巅峰榜·新歌'],0,,1,0,567
See Ya,任嘉伦,"['巅峰榜·流行指数', '巅峰榜·新歌']",0,,1,0,568
See Tình (Speed Up Version),Hoàng Thùy Linh,['巅峰榜·流行指数'],0,,1,0,569
See Tinh,阿吉野马,['巅峰榜·新歌'],0,,1,0,570
Song For Birds,The Leg Signals 脚信号,['巅峰榜·内地'],0,,1,0,571
Sometimes,KnowKnow,['巅峰榜·内地'],0,,1,0,572
Something Worth Saving (爱依然存在),孟佳,['巅峰榜·新歌'],0,,1,0,573
Somebody Like You,FrogMonster/GATTÜSO/KZ Tandingan,['巅峰榜·内地'],0,,1,0,574
Sold Out,Hawk Nelson/Jonathan Steingard,['巅峰榜·流行指数'],0,,1,0,575
So Bad (feat. 王嘉尔),VaVa娃娃/王嘉尔,['巅峰榜·新歌'],0,,1,0,576
Snow Dream 2021,YERI (예리)/楷灿 (해찬)/辰乐 (천러)/志晟 (지성),['巅峰榜·新歌'],0,,1,0,577
"Smoke (Prod. Dynamicduo, Padi)",Dynamicduo (다이나믹 듀오)/李泳知 (이영지),['巅峰榜·新歌'],0,,1,0,578
Small girl (feat. 도경수(D.O.)),李泳知 (이영지)/D.O. (都暻秀),"['巅峰榜·热歌', '巅峰榜·流行指数', '巅峰榜·新歌']",0,,1,0,579
Slow Down,Madnap/Pauline Herr,['巅峰榜·流行指数'],0,,1,0,580
Slow,梁晓雪,['巅峰榜·内地'],0,,1,0,581
Sleeping Beauty,幸儿ECHASL,['巅峰榜·内地'],0,,1,0,582
Sky Walker,TF家族/张峻豪SHUN,"['巅峰榜·流行指数', '巅峰榜·新歌']",0,,1,0,583
Shut Down,BLACKPINK (블랙핑크),['巅峰榜·新歌'],0,,1,0,584
Show it Ben,大川Dietry,['巅峰榜·新歌'],0,,1,0,585
Shooting Star,Kep1er (케플러),['巅峰榜·新歌'],0,,1,0,586
Stop Sugar (B版|Live),李钦/罗一舟/唐九洲/汪佳辰,['巅峰榜·流行指数'],0,,1,0,587
Still Alone,Kenxo,['巅峰榜·内地'],0,,1,0,588
Steal My Clothes (LP Giobbi Remix|Explicit),Kito/Bea Miller,['巅峰榜·流行指数'],0,,1,0,589
Steady My Love,林俊杰,['巅峰榜·新歌'],0,,1,0,590
Steady,NCT WISH (엔시티 위시),"['巅峰榜·流行指数', '巅峰榜·新歌']",0,,1,0,591
Stay This Way,fromis_9 (프로미스나인),['巅峰榜·新歌'],0,,1,0,592
Stay,唐灏MickeyTown,['巅峰榜·内地'],0,,1,0,593
Stay,Chad Graham,['巅峰榜·新歌'],0,,1,0,594
Stars Align,R3HAB/蔡依林,['巅峰榜·新歌'],0,,1,0,595
Star Ring,TetraCalyx,['巅峰榜·内地'],0,,1,0,596
Star Crossing Night (feat. GALI),徐明浩/GALI,['巅峰榜·热歌'],0,,1,0,597
Spicy Honey,虞书欣,['巅峰榜·新歌'],0,,1,0,598
Space Melody (Edward Artemyev),VIZE/Alan Walker/Leony/Edward Artemyev,['巅峰榜·新歌'],0,,1,0,599
Soñar (Breaker),NMIXX (엔믹스),['巅峰榜·新歌'],0,,1,0,600
Soul,陈亦云,['巅峰榜·内地'],0,,1,0,601
"Sorry, 但是",三角猫（mYrtl3V）/麻辣桔,['巅峰榜·内地'],0,,1,0,602
TRUE,요아리 (YOARI),"['巅峰榜·流行指数', '巅峰榜·新歌']",0,,1,0,603
TOMBOY,BLAST/恒川/南思鸭,"['巅峰榜·流行指数', '巅峰榜·新歌']",0,,1,0,604
THATS WHAT I WANT (Explicit),Lil Nas X,['巅峰榜·新歌'],0,,1,0,605
TAKE IT AWAY,张峻豪SHUN,"['巅峰榜·流行指数', '巅峰榜·新歌']",0,,1,0,606
Sweet but Psycho,Ava Max,['巅峰榜·流行指数'],0,,1,0,607
Sweet Dreams,Alan Walker/Imanbek,['巅峰榜·新歌'],0,,1,0,608
Superstar (Mars Remix),Mars,['巅峰榜·新歌'],0,,1,0,609
Superstar,Beatrich,['巅峰榜·流行指数'],0,,1,0,610
Supernatural,NewJeans (뉴진스),['巅峰榜·新歌'],0,,1,0,611
Superman,Armin Van Buuren/Blasterjaxx/24H,"['巅峰榜·流行指数', '巅峰榜·新歌']",0,,1,0,612
Sunday,关浩德Walter,['巅峰榜·新歌'],0,,1,0,613
"Summertime, we should fall in love",王浦宇,['巅峰榜·内地'],0,,1,0,614
Summer melody,FLYSBR,['巅峰榜·新歌'],0,,1,0,615
Sucker,张艺兴,"['巅峰榜·热歌', '巅峰榜·新歌']",0,,1,0,616
Stuck On U (念念),周柯宇,"['巅峰榜·流行指数', '巅峰榜·新歌']",0,,1,0,617
Stuck In The Middle (7 ver.),BABYMONSTER (베이비몬스터),['巅峰榜·流行指数'],0,,1,0,618
The Happiest Girl,BLACKPINK (블랙핑크),['巅峰榜·新歌'],0,,1,0,619
The Dragon Song (feat. ØZI),鹤The Crane/ØZI陈惟凡,['巅峰榜·内地'],0,,1,0,620
The Artist,The Shanghai Restoration Project,['巅峰榜·内地'],0,,1,0,621
That's Not How This Works (feat. Dan + Shay),Charlie Puth/Dan + Shay,['巅峰榜·新歌'],0,,1,0,622
That Girl,Olly Murs,['巅峰榜·流行指数'],0,,1,0,623
Tequila Pop Wine,提高湖Sey,['巅峰榜·内地'],0,,1,0,624
Ten Words,BGM专区,"['巅峰榜·流行指数', '巅峰榜·新歌']",0,,1,0,625
Tease Me,Sienna Voss,['巅峰榜·新歌'],0,,1,0,626
Teach Me How to Fly,钱润玉Runyu,['巅峰榜·内地'],0,,1,0,627
Teach Me How To Love,Shawn Mendes,['巅峰榜·新歌'],0,,1,0,628
Tally (Explicit ver.),BLACKPINK (블랙핑크),['巅峰榜·新歌'],0,,1,0,629
Take my hand,CityNaiveteClub,['巅峰榜·内地'],0,,1,0,630
Take me hand,Cécile Corbel,['巅峰榜·流行指数'],0,,2,0,631
Take Me Home,Starry Sky,['巅峰榜·内地'],0,,1,0,632
Take Me Hand,DAISHI DANCE (ダイシ・ダンス)/Cécile Corbel,"['巅峰榜·热歌', '巅峰榜·流行指数']",0,,2,0,633
Take It Back,Acey Rain,['巅峰榜·内地'],0,,1,0,634
Trouble Maker,Trouble Maker (트러블메이커),['巅峰榜·流行指数'],0,,1,0,635
Trouble I'm In,Twinbed,['巅峰榜·流行指数'],0,,1,0,636
Trauma 伤,刘耀文,"['巅峰榜·热歌', '巅峰榜·流行指数', '巅峰榜·新歌']",0,,1,0,637
Too Deep,梓渝,['巅峰榜·新歌'],0,,1,0,638
Tomorrow,A7i,['巅峰榜·内地'],0,,1,0,639
Tomboy,Destiny Rogers,['巅峰榜·流行指数'],0,,1,0,640
Toast to life,肖恩LilSeanChild/hoda大盛/下班积极份子/三道黑TriDarK,['巅峰榜·内地'],0,,1,0,641
To. X (IMLAY Remix),太妍 (태연)/IMLAY,['巅峰榜·新歌'],0,,1,0,642
To You,木秦,['巅峰榜·内地'],0,,1,0,643
Tidy It Up,孙盛希,['巅峰榜·内地'],0,,1,0,644
This Is What You Came For,Calvin Harris/Rihanna,['巅峰榜·流行指数'],0,,1,0,645
This Far (RudeLies Remix),Raven & Kreyn/Nino Lucarelli/RudeLies,['巅峰榜·流行指数'],0,,1,0,646
Therefore I Am (纯享版),张嘉元/井汲大翔 (HIROTO)/利路修/谢兴阳,"['巅峰榜·流行指数', '巅峰榜·新歌']",0,,1,0,647
The way i still love you,etihasa/Speed Up Songs,['巅峰榜·流行指数'],0,,1,0,648
The Way I Still Love You (治愈版),藤柒吖,['巅峰榜·新歌'],0,,1,0,649
The Way I Still Love You,Reynard Silva,['巅峰榜·流行指数'],0,,1,0,650
WINTER WITHOUT YOU,XG,['巅峰榜·新歌'],0,,1,0,651
WICKED,ALLDAY PROJECT,"['巅峰榜·流行指数', '巅峰榜·新歌']",0,,1,0,652
W.Y.M,BossWang/Magic Yuan 车龙源/乔纳森/TripleMAD,['巅峰榜·内地'],0,,1,0,653
Villain,Skeynisher  晴,['巅峰榜·内地'],0,,1,0,654
Used To Know Me,Charli xcx,['巅峰榜·流行指数'],0,,1,0,655
Upside Down,JVKE/Charlie Puth,['巅峰榜·流行指数'],0,,1,0,656
Up!,Kep1er (케플러),['巅峰榜·新歌'],0,,1,0,657
Up in Flames,Chace,['巅峰榜·内地'],0,,1,0,658
Unknown IP,吉丁Kiddin/GZ_Beatz/TangoZ,['巅峰榜·内地'],0,,1,0,659
Under My Skin (A2O) (Chinese Ver.),A2O MAY/A2O,['巅峰榜·流行指数'],0,,1,0,660
UNDER THE TREE,SiM (シム),['巅峰榜·新歌'],0,,1,0,661
Typhoon,梅洛嘉,['巅峰榜·内地'],0,,1,0,662
Typa Girl (Explicit ver.),BLACKPINK (블랙핑크),['巅峰榜·新歌'],0,,1,0,663
Tuesday (Original Mix),Burak Yeter/Danelle Sandoval,['巅峰榜·流行指数'],0,,1,0,664
Truthfully (你还不懂我为什么无语),泪の代码/单循/山吹京/鱼骨妹,['巅峰榜·流行指数'],0,,1,0,665
Trust In U,钱润玉Runyu,['巅峰榜·内地'],0,,1,0,666
What Should I Do,飞行少年,['巅峰榜·内地'],0,,1,0,667
What A Shame,新娘危机BridesCrisis,['巅峰榜·内地'],0,,1,0,668
We are the kings,唐汉霄/王者荣耀,['巅峰榜·内地'],0,,1,0,669
We Rock,青春有你3,['巅峰榜·新歌'],0,,1,0,670
We Never,Hi Noise,['巅峰榜·流行指数'],0,,1,0,671
Way Down We Go (Stripped),KALEO,['巅峰榜·流行指数'],0,,1,0,672
Watch Me Work (热门BGM),喝酸奶吃盖盖,['巅峰榜·流行指数'],0,,1,0,673
Watch Me Work,Tinashe,['巅峰榜·流行指数'],0,,1,0,674
Waste Time,Elvis/Tiam,['巅峰榜·内地'],0,,1,0,675
Want To Do (Radio Edit),Kauapk,"['巅峰榜·流行指数', '巅峰榜·新歌']",0,,1,0,676
Walk Thru Fire,Vicetone/Meron Ryan,['巅峰榜·流行指数'],0,,1,0,677
Wake Up (Explicit),2-DO,"['巅峰榜·热歌', '巅峰榜·流行指数']",0,,1,0,678
Wake (降速版),Don7,['巅峰榜·新歌'],0,,1,0,679
Wake (Live),Hillsong Young & Free,['巅峰榜·流行指数'],0,,1,0,680
Waiting For You,DJ 零源,['巅峰榜·内地'],0,,1,0,681
WTF (Explicit),Sasha Alex Sloan,"['巅峰榜·流行指数', '巅峰榜·新歌']",0,,1,0,682
You Don't Get It,丁欣睿Echo,['巅峰榜·内地'],0,,1,0,683
You & Me,H-Slang & Choco,['巅峰榜·流行指数'],0,,1,0,684
Yellow Skin Flow,艾福杰尼,['巅峰榜·内地'],0,,1,0,685
Yellow Crane,张楚,['巅峰榜·内地'],0,,1,0,686
Yeahsir,沈梦瑶,['巅峰榜·内地'],0,,1,0,687
Yeah Yeah Yeah,BLACKPINK (블랙핑크),['巅峰榜·新歌'],0,,1,0,688
YOU,THOME/KIV,['巅峰榜·新歌'],0,,1,0,689
Y+Angel,CROXIN.7,['巅峰榜·新歌'],0,,1,0,690
Y,严浩翔,"['巅峰榜·流行指数', '巅峰榜·新歌']",0,,1,0,691
With You,茜西,['巅峰榜·新歌'],0,,1,0,692
Wildest Dreams (Taylor's Version),Taylor Swift,['巅峰榜·新歌'],0,,1,0,693
Whiplash (English Ver.),aespa (에스파),"['巅峰榜·流行指数', '巅峰榜·新歌']",0,,1,0,694
Where to go,王以太/艾热AIR,['巅峰榜·内地'],0,,1,0,695
Where Did U Go (G.E.M.重生版),G.E.M. 邓紫棋,['巅峰榜·新歌'],0,,1,0,696
What U Gonna Do,卓沅,['巅峰榜·流行指数'],0,,1,0,697
What U Do (Explicit),Wild Culture/Shel Bee,['巅峰榜·流行指数'],0,,1,0,698
falling,COLDKIDS,['巅峰榜·内地'],0,,1,0,699
eyes on me,MAREA/沈默亞SHEN/说唱者联盟,['巅峰榜·内地'],0,,1,0,700
exile,Taylor Swift/Bon Iver,['巅峰榜·流行指数'],0,,1,0,701
eternal sunshine,Ariana Grande,['巅峰榜·新歌'],0,,1,0,702
dARk SIde,NOM(SIMJIYONG),"['巅峰榜·流行指数', '巅峰榜·新歌']",0,,1,0,703
cpdd,9xuSoLOVE,['巅峰榜·内地'],0,,1,0,704
chaotic,Tate McRae,"['巅峰榜·流行指数', '巅峰榜·新歌']",0,,1,0,705
changes,XXXTentacion,['巅峰榜·流行指数'],0,,1,0,706
champagne problems (Explicit),Taylor Swift,['巅峰榜·新歌'],0,,1,0,707
body,다영 (DAYOUNG) (任多荣),['巅峰榜·新歌'],0,,1,0,708
black to white,张三弥,['巅峰榜·内地'],0,,1,0,709
again,COLDKIDS,['巅峰榜·内地'],0,,1,0,710
ZOO,泰容 (태용)/JENO (제노)/HENDERY (黄冠亨)/扬扬,['巅峰榜·新歌'],0,,1,0,711
"Young, Dumb, Stupid",NMIXX (엔믹스),['巅峰榜·新歌'],0,,1,0,712
You're so beautiful,左溢,['巅峰榜·内地'],0,,1,0,713
"You jump, I jump",周震南,['巅峰榜·新歌'],0,,1,0,714
oneThing,Ameriie/Hattie Menzie,"['巅峰榜·流行指数', '巅峰榜·新歌']",0,,1,0,715
on my way,Tiam/吴鉴格,['巅峰榜·内地'],0,,1,0,716
"no body, no crime",Taylor Swift/HAIM,['巅峰榜·新歌'],0,,1,0,717
love,NOM(SIMJIYONG),['巅峰榜·内地'],0,,1,0,718
lll Do lt (PHONK) VIP,VodKe,"['巅峰榜·流行指数', '巅峰榜·新歌']",0,,1,0,719
like my father,Jax,['巅峰榜·新歌'],0,,1,0,720
like JENNIE (Explicit),JENNIE (제니),['巅峰榜·新歌'],0,,1,0,721
let me know,Gareth.T,['巅峰榜·内地'],0,,1,0,722
layd (Remix),Tsuki,['巅峰榜·流行指数'],0,,1,0,723
iPad,The Chainsmokers,['巅峰榜·新歌'],0,,1,0,724
holy moly,曲甲/-艾兜,['巅峰榜·内地'],0,,1,0,725
hold不住的爱,龙梅子,['巅峰榜·流行指数'],0,,1,0,726
hey there,树莉莉 Serrini,['巅峰榜·内地'],0,,1,0,727
h0,DJ力神,"['巅峰榜·流行指数', '巅峰榜·新歌']",0,,1,0,728
gold rush (Explicit),Taylor Swift,['巅峰榜·新歌'],0,,1,0,729
fill me in love,鹿晗,['巅峰榜·新歌'],0,,1,0,730
willow (moonlit witch version),Taylor Swift,['巅峰榜·新歌'],0,,1,0,731
willow (90's trend Remix),Taylor Swift,['巅峰榜·新歌'],0,,1,0,732
willow,Taylor Swift,['巅峰榜·新歌'],0,,1,0,733
we can't be friends (wait for your love),Ariana Grande,['巅峰榜·新歌'],0,,1,0,734
up at night (feat. justin bieber),Kehlani/Justin Bieber,"['巅峰榜·流行指数', '巅峰榜·新歌']",0,,1,0,735
trust me,米卡,"['巅峰榜·流行指数', '巅峰榜·新歌']",0,,1,0,736
toyota,萌面侠,['巅峰榜·流行指数'],0,,1,0,737
took my everything,Duzzy,['巅峰榜·内地'],0,,1,0,738
tolerate it (Explicit),Taylor Swift,['巅峰榜·新歌'],0,,1,0,739
the ENDchild,per se,['巅峰榜·内地'],0,,1,0,740
tell me its true (偏执),ONEK/EmiER,['巅峰榜·内地'],0,,1,0,741
spr.,宋亚轩,['巅峰榜·新歌'],0,,1,0,742
sosweet,Oops！/儿几,['巅峰榜·新歌'],0,,1,0,743
simple times,Kacey Musgraves,"['巅峰榜·流行指数', '巅峰榜·新歌']",0,,1,0,744
silence,OTK-Silence,['巅峰榜·内地'],0,,1,0,745
pinKing,ChiliChill乐团/三Z-STUDIO/HOYO-MiX,['巅峰榜·内地'],0,,1,0,746
一个人喜欢一个人,杨紫,['巅峰榜·新歌'],0,,1,0,747
一个人单身节,李懋懋呀/1F,['巅峰榜·内地'],0,,1,0,748
一个人不寂寞,BZ1,['巅峰榜·新歌'],0,,1,0,749
一世心上长安,剑网3/五色石南叶/黄诗扶/Winky诗,['巅峰榜·新歌'],0,,1,0,750
一万颗雨滴的距离,木焱辰/茗琬Trust,['巅峰榜·新歌'],0,,1,0,751
カナタハルカ (遥远的彼方),RADWIMPS (ラッドウィンプス),['巅峰榜·流行指数'],0,,1,0,752
ゆめうつつ (半梦半醒),米津玄師 (よねづ けんし),['巅峰榜·新歌'],0,,1,0,753
すずめ feat.十明 (铃芽),RADWIMPS (ラッドウィンプス)/十明,"['巅峰榜·热歌', '巅峰榜·流行指数']",0,,1,0,754
ありがとう… (谢谢…),KOKIA (吉田亚纪子),['巅峰榜·流行指数'],0,,1,0,755
【盗墓笔记】见闻山海,李常超（Lao乾妈）/音频怪物/张承煜（小魂）/徐远书,['巅峰榜·内地'],0,,1,0,756
ไม่ได้ก็ไม่เอา (Whatever),PiXXiE/Zom Marie,['巅峰榜·流行指数'],0,,1,0,757
ไม่ปล่อยมือ (Coming of Age) (From แปลรักฉันด้วยใจเธอ Part 2),BILLKIN/PP KRIT,['巅峰榜·新歌'],0,,1,0,758
Золото (Rakurs & Ramirez Remix),Kartashow/玛丽Mari Kraimbrery,['巅峰榜·流行指数'],0,,1,0,759
Звезда,Vitas,['巅峰榜·流行指数'],0,,1,0,760
Возьми сердце моё,Канги,['巅峰榜·流行指数'],0,,1,0,761
would you be mine?,Tyson Yoshi,['巅峰榜·内地'],0,,1,0,762
一句先苦后甜,侯泽润,"['巅峰榜·流行指数', '巅峰榜·新歌']",0,,1,0,763
一句先苦后甜,云南顶呱呱南瓜,['巅峰榜·新歌'],0,,1,0,764
一口烟一口酒 (DJ HEST版),两个大叔/小钢炮,"['巅峰榜·流行指数', '巅峰榜·新歌']",0,,1,0,765
一去不回的时光,任然,['巅峰榜·新歌'],0,,1,0,766
一半疯了一半算了 (对唱版),苏谭谭/3秒超市,['巅峰榜·新歌'],0,,1,0,767
一半疯了一半算了,小璐,"['巅峰榜·流行指数', '巅峰榜·新歌']",0,,1,0,768
一千公里,杨和苏KeyNG/卫彬月,['巅峰榜·内地'],0,,1,0,769
一切的原因,TRASH/陈绮贞,['巅峰榜·内地'],0,,1,0,770
一些悲伤又美好的事,王源,['巅峰榜·新歌'],0,,1,0,771
一个傻子 (粤语版),林韵乔,"['巅峰榜·流行指数', '巅峰榜·新歌']",0,,1,0,772
一个傻子 (沦陷版),杨博然,['巅峰榜·新歌'],0,,1,0,773
一个傻子,杨博然,"['巅峰榜·热歌', '巅峰榜·流行指数']",0,,1,0,774
一个俗人,张同学,['巅峰榜·新歌'],0,,1,0,775
一个人的对白 (Aback),银河快递 (Galaxy Express),['巅峰榜·内地'],0,,1,0,776
一个人的寂寞两个人的错,洋澜一,['巅峰榜·新歌'],0,,1,0,777
一个人想着一个人 (治愈版),cici_,['巅峰榜·新歌'],0,,1,0,778
一样苦,苏紫旭&The Paramecia,['巅峰榜·内地'],0,,1,0,779
一样的月光,温奕心,['巅峰榜·新歌'],0,,1,0,780
一样的月光,徐佳莹,"['巅峰榜·热歌', '巅峰榜·流行指数']",0,,6,0,781
一时的选择 (青春里的过客),麻辣三姑妈,"['巅峰榜·流行指数', '巅峰榜·新歌']",0,,1,0,782
一日为师,彭双捷/郑力铭/Nov.偶尔/周宣绮,['巅峰榜·内地'],0,,1,0,783
一无所有的年纪,海来阿木,"['巅峰榜·流行指数', '巅峰榜·新歌']",0,,1,0,784
一抹红,王一珩OneSD,['巅峰榜·新歌'],0,,1,0,785
一战成神,张韶涵,['巅峰榜·新歌'],0,,1,0,786
一念花开,残雪,['巅峰榜·新歌'],0,,1,0,787
一定会再见吧,队长/黄礼格,"['巅峰榜·新歌', '巅峰榜·内地']",0,,1,0,788
一定会,林俊杰,['巅峰榜·流行指数'],0,,1,0,789
一字一句,en (王翊恩),"['巅峰榜·流行指数', '巅峰榜·新歌']",0,,1,0,790
一声老师一生老师,毛不易,"['巅峰榜·热歌', '巅峰榜·流行指数', '巅峰榜·新歌']",0,,1,0,791
一场游戏一场梦,曲肖冰,"['巅峰榜·流行指数', '巅峰榜·新歌']",0,,1,0,792
一吻天荒 (热血版),阿禹ayy,"['巅峰榜·流行指数', '巅峰榜·新歌']",0,,2,0,793
一只非常沮丧的派大星！,CrazyRabbit,['巅峰榜·内地'],0,,1,0,794
一程山路,毛不易,"['巅峰榜·热歌', '巅峰榜·流行指数']",0,,3,0,795
一程伤悲,常超凡,['巅峰榜·新歌'],0,,1,0,796
一直流血的爱,7Years,['巅峰榜·新歌'],0,,1,0,797
一直很安静,阿桑,"['巅峰榜·热歌', '巅峰榜·流行指数']",0,,9,0,798
一直在你身边,小洲,"['巅峰榜·流行指数', '巅峰榜·新歌']",0,,1,0,799
一百种方式爱你,寻人启事The Wanted,['巅峰榜·内地'],0,,1,0,800
一生爱一人,马健涛,['巅峰榜·新歌'],0,,1,0,801
一点点 (为什么晚上总是有星星),董唧唧/芊芊龍,['巅峰榜·新歌'],0,,1,0,802
一点一滴,林倛玉,['巅峰榜·流行指数'],0,,1,0,803
一点,Muyoi/徐梦洁,"['巅峰榜·流行指数', '巅峰榜·新歌']",0,,1,0,804
一点,Muyoi/Pezzi,"['巅峰榜·热歌', '巅峰榜·流行指数']",0,,1,0,805
一滴泪的时间 (Live),斑马森林,"['巅峰榜·热歌', '巅峰榜·流行指数']",0,,2,0,806
一滴水的海洋,1577乐队/杨泰安/王兴猛,"['巅峰榜·流行指数', '巅峰榜·新歌', '巅峰榜·内地']",0,,1,0,807
一格格 (阿梨粤版),阿梨粤,"['巅峰榜·流行指数', '巅峰榜·新歌']",0,,1,0,808
一格格 (仙贝版),嗷呜一口仙贝（陈婉琳）,"['巅峰榜·流行指数', '巅峰榜·新歌']",0,,1,0,809
一格格,卫兰,"['巅峰榜·热歌', '巅峰榜·流行指数']",0,,2,0,810
七月七日晴,许慧欣,['巅峰榜·热歌'],0,,1,0,811
丁香花 (女生版),七元,['巅峰榜·流行指数'],0,,1,0,812
一颗星的夜 (Live),那英,['巅峰榜·流行指数'],0,,1,0,813
一路走过,海来阿木,['巅峰榜·新歌'],0,,1,0,814
一路生花,温奕心,"['巅峰榜·热歌', '巅峰榜·流行指数']",0,,11,0,815
一路往南走 (种完麦子我就往南走),卢润泽,['巅峰榜·热歌'],0,,1,0,816
一路向北,周杰伦,"['巅峰榜·热歌', '巅峰榜·流行指数']",0,,12,0,817
一起走过的日子,一杯陈豆浆,['巅峰榜·流行指数'],0,,1,0,818
一起吹过晚风的街,聂思诗,['巅峰榜·流行指数'],0,,1,0,819
一起向未来,易烊千玺,['巅峰榜·新歌'],0,,1,0,820
一试有成,周深,"['巅峰榜·流行指数', '巅峰榜·新歌']",0,,1,0,821
一薪二用,宋盐球,['巅峰榜·新歌'],0,,1,0,822
一线之隔,永彬Ryan.B/周延英（英子-effie）,"['巅峰榜·流行指数', '巅峰榜·新歌']",0,,1,0,823
一米两米几公里,夏婉安,['巅峰榜·流行指数'],0,,1,0,824
一笑江湖 (科目三),胖虎（董欣怡）,['巅峰榜·流行指数'],0,,1,0,825
一笑江湖,姜姜,['巅峰榜·流行指数'],0,,2,0,826
三十而已,半吨兄弟,['巅峰榜·新歌'],0,,1,0,827
三两三,小鬼阿秋,['巅峰榜·新歌'],0,,1,0,828
三两三,半吨兄弟,['巅峰榜·流行指数'],0,,1,0,829
万里挑一,周深,"['巅峰榜·流行指数', '巅峰榜·新歌']",0,,1,0,830
万里归程,王约翰,['巅峰榜·内地'],0,,1,0,831
万花镜,张真源,['巅峰榜·新歌'],0,,1,0,832
万疆,李玉刚,['巅峰榜·流行指数'],0,,2,0,833
万物皆有裂痕,马琪龙,['巅峰榜·内地'],0,,1,0,834
万物生 (赛博木鱼),ss沧川,['巅峰榜·新歌'],0,,1,0,835
万物生 (电子木鱼版),赛博九方,['巅峰榜·新歌'],0,,1,0,836
万物生 (电子木鱼),ss.沧川,['巅峰榜·新歌'],0,,1,0,837
万物可爱,王一博,"['巅峰榜·流行指数', '巅峰榜·新歌']",0,,2,0,838
万家灯火 (万家灯火·人间星河),万物和声/瞿子千,['巅峰榜·新歌'],0,,1,0,839
万世代,吴姝凝哇噻呐,['巅峰榜·内地'],0,,1,0,840
七里香,周杰伦,"['巅峰榜·热歌', '巅峰榜·流行指数']",0,,10,0,841
七秒,鹭卓,"['巅峰榜·流行指数', '巅峰榜·新歌']",0,,1,0,842
下一个天亮 (有些情绪是该说给懂的人听),PPR,['巅峰榜·新歌'],0,,1,0,843
下一个天亮,颜人中,"['巅峰榜·流行指数', '巅峰榜·新歌']",0,,1,0,844
下一个天亮,郭静,"['巅峰榜·热歌', '巅峰榜·流行指数']",0,,3,0,845
下一个天亮,覆予,"['巅峰榜·流行指数', '巅峰榜·新歌']",0,,1,0,846
下一个天亮,en (王翊恩),['巅峰榜·流行指数'],0,,1,0,847
下一个剧本,杨红wurendejie,['巅峰榜·内地'],0,,1,0,848
上心,郑欣宜,['巅峰榜·流行指数'],0,,1,0,849
上岸以前(Before Landing),白色海岸The White Coast,['巅峰榜·内地'],0,,1,0,850
上天摇,转世虚拟猫,['巅峰榜·内地'],0,,1,0,851
上个秋天,新地,['巅峰榜·内地'],0,,1,0,852
三秒钟,胡海泉,"['巅峰榜·流行指数', '巅峰榜·新歌']",0,,1,0,853
三眼渔人歌 (二),上海彩虹室内合唱团,['巅峰榜·内地'],0,,1,0,854
三生，有幸,宋瑀哲,['巅峰榜·内地'],0,,1,0,855
三生三幸,海来阿木,['巅峰榜·热歌'],0,,1,0,856
三国恋,Tank,['巅峰榜·热歌'],0,,5,0,857
三千道,祖娅纳惜/一念逍遥,['巅峰榜·内地'],0,,1,0,858
下雨夜,苏星婕,['巅峰榜·新歌'],0,,1,0,859
下辈子还要和你成个家,彤大王,['巅峰榜·流行指数'],0,,1,0,860
下辈子做个狠心人,侯泽润,['巅峰榜·新歌'],0,,1,0,861
下辈子为自己而活,艾夕燃,['巅峰榜·新歌'],0,,1,0,862
下潜,川青/Morerare,['巅峰榜·流行指数'],0,,1,0,863
下潜,姚六一,['巅峰榜·新歌'],0,,1,0,864
下水道幻想曲,FAT_XXX,['巅峰榜·内地'],0,,1,0,865
下山,徐泽（要不要买菜）,['巅峰榜·流行指数'],0,,1,0,866
下完这场雨,后弦,"['巅峰榜·热歌', '巅峰榜·流行指数']",0,,1,0,867
下个，路口，见,李宇春,['巅峰榜·热歌'],0,,2,0,868
下个路口见 ,白允y,['巅峰榜·新歌'],0,,1,0,869
下个路口见,倩门西,"['巅峰榜·流行指数', '巅峰榜·新歌']",0,,1,0,870
下个路口,王源,['巅峰榜·新歌'],0,,1,0,871
下一站明天,Mr.亮,"['巅峰榜·流行指数', '巅峰榜·新歌']",0,,1,0,872
下一次,房东的猫,['巅峰榜·内地'],0,,1,0,873
下一个路口 (童声版),旅行团乐队/贾可意/党艾妮/李雨宸,['巅峰榜·内地'],0,,1,0,874
不如,秦海清,['巅峰榜·流行指数'],0,,2,0,875
不可阻挡 (Burn It All Down),英雄联盟,"['巅峰榜·流行指数', '巅峰榜·新歌']",0,,1,0,876
不可说,冯午宁,['巅峰榜·内地'],0,,1,0,877
不及,陈亦洺,['巅峰榜·流行指数'],0,,1,0,878
不分手的恋爱,汪苏泷,['巅峰榜·热歌'],0,,1,0,879
不冬眠,刘耀文,['巅峰榜·新歌'],0,,1,0,880
不再联系,夏天Alex,['巅峰榜·流行指数'],0,,1,0,881
不再是我们,苏星婕,['巅峰榜·新歌'],0,,1,0,882
不做情人,邓岳章,"['巅峰榜·流行指数', '巅峰榜·新歌']",0,,1,0,883
不做情人,何仟仟,"['巅峰榜·流行指数', '巅峰榜·新歌']",0,,1,0,884
不修 (女生版),小石头和孩子们/王一菲,['巅峰榜·新歌'],0,,1,0,885
不会想你了,江迟同学,['巅峰榜·内地'],0,,1,0,886
不会失败的身份,高睿,"['巅峰榜·流行指数', '巅峰榜·新歌']",0,,1,0,887
不为谁而作的歌,林俊杰,['巅峰榜·热歌'],0,,1,0,888
下雨天,南拳妈妈,['巅峰榜·流行指数'],0,,1,0,889
下雨天,en (王翊恩),['巅峰榜·新歌'],0,,1,0,890
不愿留白,LBI利比（时柏尘）,['巅峰榜·新歌'],0,,1,0,891
不想当阿龙 Don’t Wanna Be Alone,朱婧汐Akini Jing/Chace,"['巅峰榜·流行指数', '巅峰榜·新歌', '巅峰榜·内地']",0,,1,0,892
不想和你分开,椅子乐团 The Chairs,['巅峰榜·内地'],0,,1,0,893
不必回答,姚琛,"['巅峰榜·流行指数', '巅峰榜·新歌']",0,,1,0,894
不得不爱,藤柒吖,['巅峰榜·新歌'],0,,1,0,895
不得不爱,潘玮柏/弦子,['巅峰榜·热歌'],0,,2,0,896
不属于地球上的,李大火,['巅峰榜·新歌'],0,,1,0,897
不屑·NEVERMIND,姚琛,['巅峰榜·新歌'],0,,1,0,898
不将就,李荣浩,"['巅峰榜·热歌', '巅峰榜·流行指数']",0,,1,0,899
不完美的秘密,冯希瑶,['巅峰榜·新歌'],0,,1,0,900
不完美命题,赵品霖,"['巅峰榜·流行指数', '巅峰榜·新歌']",0,,1,0,901
不完美主义 (Imperfectionism),VKNOW感觉团,['巅峰榜·内地'],0,,1,0,902
不如见一面,海来阿木,['巅峰榜·热歌'],0,,1,0,903
不如回家喝自来水 (Live),陈楚生/王赫野,['巅峰榜·流行指数'],0,,1,0,904
不如回家喝自来水,刘烨溦,"['巅峰榜·流行指数', '巅峰榜·新歌']",0,,1,0,905
不如 (戴羽彤版),戴羽彤,['巅峰榜·新歌'],0,,1,0,906
不甘,小乐哥（王唯乐）,"['巅峰榜·流行指数', '巅峰榜·新歌']",0,,1,0,907
不熄的光,张杰,"['巅峰榜·热歌', '巅峰榜·流行指数', '巅峰榜·新歌']",0,,1,0,908
不灭此心,柒月/AIK,['巅峰榜·新歌'],0,,1,0,909
不潮不用花钱,林俊杰,['巅峰榜·热歌'],0,,6,0,910
不死之身,林俊杰,['巅峰榜·流行指数'],0,,1,0,911
不止情话,B.G.Camp,['巅峰榜·内地'],0,,1,0,912
不期而遇的风,苏星婕,['巅峰榜·新歌'],0,,1,0,913
不曾离开,杨彦好,['巅峰榜·新歌'],0,,1,0,914
不是绿洲,双笙 (陈元汐),['巅峰榜·内地'],0,,1,0,915
不是心的距离,金艺德,['巅峰榜·内地'],0,,1,0,916
不是因为寂寞才想你,T.R.Y,['巅峰榜·流行指数'],0,,1,0,917
不是为你是为谁,侯贝贝,"['巅峰榜·流行指数', '巅峰榜·新歌']",0,,1,0,918
不改 No Lie,WILLIM缪维霖/Lambert凌杰,['巅峰榜·新歌'],0,,1,0,919
不摇滚,八三夭乐团/告五人,['巅峰榜·内地'],0,,1,0,920
不挽留没回头,郑添媛,['巅峰榜·流行指数'],0,,1,0,921
不挽留没回头,王佳杨,['巅峰榜·流行指数'],0,,2,0,922
不要看月亮,沐可儿,['巅峰榜·内地'],0,,1,0,923
不要慌太阳下山有月光,GooGoo,['巅峰榜·热歌'],0,,2,0,924
不要对我冷冰冰 (说唱版),999harper,['巅峰榜·新歌'],0,,1,0,925
不要再听悲伤的歌,杨瑜婷,['巅峰榜·新歌'],0,,1,0,926
不良少年,Ghost (王琳凯),"['巅峰榜·流行指数', '巅峰榜·新歌']",0,,1,0,927
不舍,徐佳莹,['巅峰榜·新歌'],0,,1,0,928
不能面对,灯叔,['巅峰榜·新歌'],0,,1,0,929
不能说的秘密,周杰伦,['巅峰榜·流行指数'],0,,1,0,930
不能喝别喝了！,周周MG,['巅峰榜·内地'],0,,1,0,931
不能不想你,刘晓超,['巅峰榜·新歌'],0,,1,0,932
不羡,伯远,['巅峰榜·新歌'],0,,1,0,933
不知道你是喜欢晴天还是雨天 (DJ版),王忻辰/pro/傅梦彤,['巅峰榜·流行指数'],0,,1,0,934
不知返,王赫野,"['巅峰榜·流行指数', '巅峰榜·新歌']",0,,1,0,935
不知所措,王靖雯,['巅峰榜·流行指数'],0,,2,0,936
不眠者幻想曲,吴建京,['巅峰榜·内地'],0,,1,0,937
不眠不归,大美,"['巅峰榜·流行指数', '巅峰榜·新歌']",0,,1,0,938
不需要挽留（Move On）,Mr.16罗隽永/Simyee陈芯怡,"['巅峰榜·流行指数', '巅峰榜·新歌']",0,,1,0,939
不需要你,TiZi_阿合,['巅峰榜·内地'],0,,1,0,940
不难缠,赵政豪,['巅峰榜·内地'],0,,1,0,941
不问别离,叶洛洛/扇宝,['巅峰榜·新歌'],0,,1,0,942
不问ciaga (不问别离),指尖笑,"['巅峰榜·热歌', '巅峰榜·流行指数']",0,,2,0,943
不重要,曾舒哲,['巅峰榜·新歌'],0,,1,0,944
不配,容祖儿,['巅峰榜·新歌'],0,,1,0,945
不遗憾,李荣浩,"['巅峰榜·热歌', '巅峰榜·流行指数']",0,,2,0,946
不起眼的杂草根 (难道我生来就只是杂草根),刘家奇阿,['巅峰榜·新歌'],0,,1,0,947
不起眼却又了不起的爱情,许哲,['巅峰榜·内地'],0,,1,0,948
不负众望,陈婉菁,['巅峰榜·热歌'],0,,1,0,949
不说晚安,张佳怡Ony,['巅峰榜·内地'],0,,1,0,950
不说,周公,['巅峰榜·流行指数'],0,,2,0,951
不该越界,尤里卡,['巅峰榜·流行指数'],0,,1,0,952
不该用情,大笨,['巅峰榜·流行指数'],0,,1,0,953
不要给我打电话 (R&B),7Captain/Crush_,['巅峰榜·新歌'],0,,1,0,954
中场谢幕,丁千城,['巅峰榜·内地'],0,,1,0,955
两难 (你到底在为谁等待),曹一阳,['巅峰榜·新歌'],0,,1,0,956
两极,苏星婕,['巅峰榜·新歌'],0,,1,0,957
两半,游离怪,['巅峰榜·内地'],0,,1,0,958
两三句,刘瑞琦,['巅峰榜·新歌'],0,,1,0,959
东方之珠 (Live),林子祥/谭咏麟/叶蒨文/李克勤,['巅峰榜·流行指数'],0,,1,0,960
世界赠予我的,王菲,['巅峰榜·热歌'],0,,1,0,961
世界第一自恋狂 (World's No.1 Narcissist),浪味仙贝,['巅峰榜·内地'],0,,1,0,962
世界奇奇怪怪你却可可爱爱,陆虎,"['巅峰榜·流行指数', '巅峰榜·新歌']",0,,1,0,963
世界以痛吻我,王宇宙Leto/乔浚丞,"['巅峰榜·流行指数', '巅峰榜·新歌']",0,,1,0,964
世界上不存在的歌 (2020重唱版),陈奕迅,['巅峰榜·新歌'],0,,1,0,965
世世,刘宇宁,"['巅峰榜·流行指数', '巅峰榜·新歌']",0,,1,0,966
与我对望的光,MiMi李紫婷/王者荣耀,['巅峰榜·新歌'],0,,1,0,967
与你邂逅,LBI利比（时柏尘）/杨玙瑶,"['巅峰榜·流行指数', '巅峰榜·新歌']",0,,1,0,968
与你到永久 (Live),伍佰 & China Blue,['巅峰榜·流行指数'],0,,1,0,969
与你到永久,云南顶呱呱南瓜,"['巅峰榜·流行指数', '巅峰榜·新歌']",0,,1,0,970
乌云,Tphunk,['巅峰榜·内地'],0,,1,0,971
举镜子的女孩,张子枫,['巅峰榜·流行指数'],0,,1,0,972
为谁等待,甜柚子,['巅峰榜·内地'],0,,1,0,973
为期一晚的雪,Chocolate Hu/Streammar,['巅峰榜·内地'],0,,1,0,974
为敌,旺仔小乔,['巅峰榜·流行指数'],0,,1,0,975
为你而活,神木与瞳,['巅峰榜·流行指数'],0,,1,0,976
为你而活,卢润泽/于一,"['巅峰榜·流行指数', '巅峰榜·新歌']",0,,1,0,977
为你写下这首情歌,五月天,['巅峰榜·新歌'],0,,1,0,978
为何花不开,陈小满/孙才垣,['巅峰榜·新歌'],0,,1,0,979
为何我老是在迁就,桂瑶,['巅峰榜·内地'],0,,1,0,980
为了遇见你,AKA JL9,['巅峰榜·内地'],0,,1,0,981
为了找到你这颗星星收藏整个宇宙,宇谦Rain,['巅峰榜·内地'],0,,1,0,982
临江仙,陆虎,['巅峰榜·新歌'],0,,1,0,983
临江仙,白鹿,"['巅峰榜·热歌', '巅峰榜·新歌']",0,,1,0,984
中暑,W8VES/沙一汀EL,['巅峰榜·新歌'],0,,1,0,985
中意你,咖菲/猪老三儿,['巅峰榜·流行指数'],0,,1,0,986
习惯,亦勋,['巅峰榜·内地'],0,,1,0,987
也许我们依然有选择,奕sir,"['巅峰榜·流行指数', '巅峰榜·新歌']",0,,1,0,988
也许,王志心,"['巅峰榜·流行指数', '巅峰榜·新歌']",0,,1,0,989
九月底,余佳运,"['巅峰榜·热歌', '巅峰榜·流行指数']",0,,4,0,990
九尾狐 (你为我挡下鲁班的钉),张小花,['巅峰榜·新歌'],0,,1,0,991
九十九步退一步,魏佳艺,['巅峰榜·流行指数'],0,,1,0,992
九十九步退一步,付豪,"['巅峰榜·流行指数', '巅峰榜·新歌']",0,,1,0,993
乘风破浪 (酸菜缸版),金志文/李雪琴/孟鹤堂,['巅峰榜·新歌'],0,,1,0,994
乐园 (Paradise) (파라다이스),EXO (엑소),['巅峰榜·新歌'],0,,1,0,995
乐园,白平衡乐队,['巅峰榜·内地'],0,,1,0,996
乌鸦爱上白鸽的代价,酒归,['巅峰榜·流行指数'],0,,1,0,997
乌梅子酱,李荣浩,['巅峰榜·热歌'],0,,1,0,998
乌兰巴托的夜 (空灵版),ycccc,['巅峰榜·流行指数'],0,,1,0,999
乌兰巴托的夜 (深情版),云汐,['巅峰榜·新歌'],0,,1,0,1000
